index,url,valid,domain,title,description,image,published,archive,content,quote,language,keyword
https://www.zeit.de/wirtschaft/2024-06/inflation-preisvergleich-wocheneinkauf-2020-2024,https://www.zeit.de/wirtschaft/2024-06/inflation-preisvergleich-wocheneinkauf-2020-2024,0,www.zeit.de,Inflation: Was Sie sich früher für 50 Euro leisten konnten – und was heute,"Die Inflation schlägt bei jedem Wocheneinkauf zu, aber nicht gleich stark. Wir zeigen, welcher Einkaufstyp am meisten draufzahlt. Und wie sich noch Geld sparen lässt.",https://img.zeit.de/wirtschaft/2024-05/inflation-preisvergleich-wocheneinkauf-2020-2024-teaser/wide__1300x731,2024-06-01T06:04:47Z,,"Von der Packung Nudeln über Toilettenpapier bis zu Bananen: Wer in Deutschland im Frühjahr 2020 im Supermarkt einkaufen gegangen ist, konnte sich damals für 50 Euro alle hier abgebildeten Produkte le… [+533 chars]",,de,'Inflation'
https://www.sueddeutsche.de/politik/news-ukraine-israel-gaza-usa-biden-waffenruhe-nord-stream-2-hochwasser-sueddeutschland-1.7602102,https://www.sueddeutsche.de/politik/news-ukraine-israel-gaza-usa-biden-waffenruhe-nord-stream-2-hochwasser-sueddeutschland-1.7602102,0,www.sueddeutsche.de,SZ am Morgen: Nachrichten des Tages - die Übersicht für Eilige,"Nachrichten heute: Neue Unterlagen zu Nord Stream 2, Biden stellt Vorschlag für Waffenruhe vor, Hochwasser in Süddeutschland steigt",https://www.sueddeutsche.de/2024/06/01/a0895ad4-d55e-4e1a-bf7c-5709c25def8c.jpeg?q=60&fm=webp&width=1200&rect=0%2C0%2C1354%2C762,2024-06-01T07:37:50Z,,Biden stellt neuen israelischen Vorschlag für Waffenruhe und Geiseldeal vor. Der US-Präsident ruft zu einer Einigung in den festgefahrenen Gaza-Verhandlungen auf. Der Vorschlag Israels sieht nach US-… [+1227 chars],,de,'Nord Stream'
https://www.faz.net/aktuell/finanzen/so-sollen-geldgeber-an-der-energiewende-verdienen-19756203.html,https://www.faz.net/aktuell/finanzen/so-sollen-geldgeber-an-der-energiewende-verdienen-19756203.html,0,www.faz.net,So sollen Geldgeber an der Energiewende verdienen,Institutionelle Investoren sollen leichter mit Wind und Solar Geld verdienen. Dafür schlagen Verbände der Energiewirtschaft und der kommunalen Unternehmen einen Energiewendefonds vor.,https://media1.faz.net/ppmedia/aktuell/718770998/1.9756527/facebook_teaser_fplus/dieses-windrad-in-franken.jpg,2024-06-01T08:33:37Z,,"Die deutsche Energie- und Wasserwirtschaft und die kommunalen Unternehmen dringen darauf, die Energiewende finanziell zu beschleunigen. Um das Eigenkapital von Energieunternehmen zu stärken, schlagen… [+311 chars]",,de,'Energiewirtschaft'
https://www.tagesschau.de/ausland/europa/ukraine-energieversorgung-russland-100.html,https://www.tagesschau.de/ausland/europa/ukraine-energieversorgung-russland-100.html,0,www.tagesschau.de,Russland greift erneut massiv ukrainische Stromversorgung an,Erneut hat Russland die zivile ukrainische Energieinfrastruktur massiv mit Raketen und Drohnen angegriffen. Es gab Schäden an zwei Wärmekraftwerken. Für alle Menschen in der Ukraine haben die Angriffe spürbare Folgen.,https://images.tagesschau.de/image/11b57ef8-f107-4227-a3ab-beb7e7a20fcd/AAABj9LF3tw/AAABjwnlFvA/16x9-1280/kiew-metrostation-100.jpg,2024-06-01T08:35:49Z,,"Stand: 01.06.2024 10:35 Uhr
Erneut hat Russland die zivile ukrainische Energieinfrastruktur massiv mit Raketen und Drohnen angegriffen. Es gab Schäden an zwei Wärmekraftwerken. Für alle Menschen in … [+2689 chars]",,de,'Stromversorgung'
https://www.welt.de/politik/ausland/video251815498/Russischer-Angriffskrieg-Erneuter-Raketenangriff-auf-ukrainisches-Stromnetz.html,https://www.welt.de/politik/ausland/video251815498/Russischer-Angriffskrieg-Erneuter-Raketenangriff-auf-ukrainisches-Stromnetz.html,0,www.welt.de,Erneuter Raketenangriff auf ukrainisches Stromnetz,Russland hat die benachbarte Ukraine in der Nacht erneut mit schweren vor allem gegen die Energieversorgung gerichteten Raketen- und Drohnenangriffen überzogen.,https://img.welt.de/img/politik/ausland/mobile251815494/6391357467-ci16x9-w1200/Ukraine-Krieg-Charkiw.jpg,2024-06-01T12:36:25Z,,"Die WELT als ePaper: Die vollständige Ausgabe steht Ihnen bereits am Vorabend zur Verfügung so sind Sie immer hochaktuell informiert. Weitere Informationen: http://epaper.welt.de 
 Der Kurz-Link die… [+49 chars]",,de,'Energieversorgung'
https://www.faz.net/aktuell/politik/europawahl/habeck-wirft-union-energiepolitischen-blindflug-vor-19758196.html,https://www.faz.net/aktuell/politik/europawahl/habeck-wirft-union-energiepolitischen-blindflug-vor-19758196.html,0,www.faz.net,Habeck wirft Union „energiepolitischen Blindflug“ vor,"Robert Habeck macht die Union verantwortlich für die „schwerste Wirtschaftskrise seit Jahrzehnten“. Deutschland hätte sich niemals abhängig machen dürfen von Putins Gas, sagt der Wirtschaftsminister.",https://media1.faz.net/ppmedia/aktuell/politik/2953603666/1.9758265/facebook_teaser/wirtschaftsminister-robert.jpg,2024-06-01T12:51:24Z,,"Wir hätten uns niemals abhängig machen dürfen von Putins Gas, sagte Habeck mit Blick auf den russischen Präsidenten Wladimir Putin und die Gaspipeline Nord Stream durch die Ostsee. Nach dem Beginn de… [+3355 chars]",,de,'Energiesicherheit'
https://www.n-tv.de/politik/Habeck-gibt-Union-Schuld-an-schwerer-Wirtschaftskrise-article24982472.html,https://www.n-tv.de/politik/Habeck-gibt-Union-Schuld-an-schwerer-Wirtschaftskrise-article24982472.html,0,www.n-tv.de,"""Historischer Fehler"": Habeck gibt Union Schuld an schwerer Wirtschaftskrise","""Die Union ist energiepolitisch eine Geisterfahrerpartei"", wettert Habeck auf dem kleinen Parteitag der Grünen Richtung CDU/CSU. Die Union sei auch schuld, dass sich Deutschland abhängig von russischem Gas gemacht habe, so der Bundeswirtschaftsminister.",https://bilder2.n-tv.de/img/incoming/crop24982505/8391327074-cImg_16_9-w1200/465910918.jpg,2024-06-01T13:43:09Z,,"""Die Union ist energiepolitisch eine Geisterfahrerpartei"", wettert Habeck auf dem kleinen Parteitag der Grünen Richtung CDU/CSU. Die Union sei auch schuld, dass sich Deutschland abhängig von russisch… [+2276 chars]",,de,'Gas Wirtschaft'
https://www.sueddeutsche.de/meinung/nord-stream-2-merkel-putin-gas-1.7641208,https://www.sueddeutsche.de/meinung/nord-stream-2-merkel-putin-gas-1.7641208,0,www.sueddeutsche.de,Energiepolitik: Handeln im Schlafwandeln,"Trotz aller Warnungen beharrten die großen Koalitionen Angela Merkels darauf, die Gaspipeline Nord Stream 2 zu bauen. Es war eine der größten Fehleinschätzungen des deutschen Politikbetriebs. Den vollen Preis für diese Träumerei haben die Deutschen noch nicht…",https://www.sueddeutsche.de/2024/06/02/b4522085-932a-457b-a68d-bc95ac1016d8.jpeg?q=60&fm=webp&width=1200&rect=0%2C62%2C1350%2C759,2024-06-02T09:44:35Z,,"2. Juni 2024, 11:44 UhrLesezeit: 2 min
Trotz aller Warnungen beharrten die großen Koalitionen Angela Merkels darauf, die Gaspipeline Nord Stream 2 zu bauen. Es war eine der größten Fehleinschätzunge… [+885 chars]",,de,'Energiepolitik'
https://www.diepresse.com/18468179/energiepreisschock-inflation-schwache-wirtschaft-lernen-aus-den-1970ern,https://www.diepresse.com/18468179/energiepreisschock-inflation-schwache-wirtschaft-lernen-aus-den-1970ern,0,www.diepresse.com,"Energiepreisschock, Inflation, schwache Wirtschaft: Lernen aus den 1970ern [premium]",Viele fühlen sich in den 2020ern an die Stagflation der 1970er erinnert. Die Parallelen sind offensichtlich. Aber es gibt auch bedeutende Unterschiede.,https://img.diepresse.com/public/incoming/x2hl63-PB-70er_gro%C3%9F_GettyImages-658029357.jpg/alternates/DPR_SOCIAL_MAGAZIN_PAID/PB%2070er_gro%C3%9F_GettyImages-658029357.jpg,2024-06-02T14:49:10Z,,"Viele fühlen sich in den 2020ern an die Stagflation der 1970er erinnert. Die Parallelen sind offensichtlich. Aber es gibt auch bedeutende Unterschiede.
Die 1970er gingen turbulent zu Ende. Es war di… [+2329 chars]",,de,'Energiekrise'
https://www.jungewelt.de/artikel/476507.handelskrieg-wirtschaftsboom-in-südostasien.html,https://www.jungewelt.de/artikel/476507.handelskrieg-wirtschaftsboom-in-südostasien.html,0,www.jungewelt.de,Handelskrieg: Wirtschaftsboom in Südostasien,Region profitiert vom Handelskrieg des Westens gegen China und steht bei Energieversorgung am Scheideweg • Foto: Romeo Ranoco/REUTERS,https://www.jungewelt.de/img/1100/195587.jpg,2024-06-02T17:37:08Z,,Die Wirtschaft in Südostasien boomt. Ein Grund dafür ist der westliche Wirtschaftskrieg gegen China und die daraus resultierenden Verlagerungen von Produktionsstätten. So gründen beispielsweise immer… [+3681 chars],,de,'Gas Erneuerbare'
https://www.welt.de/wirtschaft/article251827868/Habecks-Retourkutsche-CDU-soll-verantwortlich-fuer-Energiekrise-sein.html,https://www.welt.de/wirtschaft/article251827868/Habecks-Retourkutsche-CDU-soll-verantwortlich-fuer-Energiekrise-sein.html,0,www.welt.de,Habeck versucht die Retourkutsche – CDU soll verantwortlich für Energiekrise sein,"Das Wirtschaftsministerium gibt ein bisher als „Verschlusssache – nur für Dienstgebrauch“ eingestuftes Dokument frei. Es geht dabei um einen Vorgang im Sommer 2021, den Robert Habeck in einer späteren Mail als „politische Bombe“ bezeichnete.",https://img.welt.de/img/wirtschaft/mobile251827866/8741356537-ci16x9-w1200/Kleiner-Parteitag-der-Gruenen-in-Brandenburg.jpg,2024-06-03T02:58:56Z,,"Als Wirtschaftsminister Robert Habeck beim kleinen Parteitag der Grünen am Samstag die Union und CDU-Parteichef Friedrich Merz attackiert, geht es ihm nicht nur um einen politischen Angriff, sondern … [+7384 chars]",,de,'Energiekrise'
https://www.nzz.ch/finanzen/erneuerbare-energie-wird-zum-naechsten-profiteur-des-ki-booms-ld.1833040,https://www.nzz.ch/finanzen/erneuerbare-energie-wird-zum-naechsten-profiteur-des-ki-booms-ld.1833040,0,www.nzz.ch,Erneuerbare Energie wird zum nächsten Profiteur des KI-Booms,"Chat-GPT verbraucht zehnmal so viel Energie wie die alte Google-Suche, und die Tech-Konzerne haben sich zu Ökostrom verpflichtet. Die Begeisterung für künstliche Intelligenz (KI) erfasst deshalb den Clean-Energy-Sektor und könnte auch deutsche Börsenwerte ant…","https://img.nzz.ch/2024/05/31/2fa64dc1-8ebb-4d23-9b5d-f0ed27b4bcdc.jpeg?width=1200&height=675&fit=bound&quality=75&auto=webp&crop=2000,1125,x0,y51&wmark=nzz",2024-06-03T03:30:00Z,,"Wichtigster US-Solarhersteller: Arbeiter mit Maschine zur Fertigung von Solarmodulen bei First Solar in Perrysburg, Ohio, im Juli 2022.
Der 25. April könnte ein Wendepunkt gewesen sein nach drei Jah… [+10268 chars]",,de,'Erneuerbare Energie'
https://www.n-tv.de/wirtschaft/EU-Staaten-erhoehen-Wind-und-Solarkapazitaet-um-65-Prozent-article24984563.html,https://www.n-tv.de/wirtschaft/EU-Staaten-erhoehen-Wind-und-Solarkapazitaet-um-65-Prozent-article24984563.html,0,www.n-tv.de,Deutschland geht vornweg: EU-Staaten erhöhen Wind- und Solarkapazität um 65 Prozent,"Der ""Green Deal"" der Europäischen Union macht sich immer deutlicher im Energiemarkt bemerkbar. In den Jahren 2019 - 2023 steigt die Kapazität bei Wind- und Solarenergie um 65 Prozent. Vor allem dank des Photovoltaikausbaus geht es voran. Erfreulich ist: Deuts…",https://bilder1.n-tv.de/img/incoming/crop24984572/0051323411-cImg_16_9-w1200/455959153.jpg,2024-06-03T06:15:42Z,,"Der ""Green Deal"" der Europäischen Union macht sich immer deutlicher im Energiemarkt bemerkbar. In den Jahren 2019 - 2023 steigt die Kapazität bei Wind- und Solarenergie um 65 Prozent. Vor allem dank … [+2347 chars]",,de,'Energiekrise'
https://www.morgenpost.de/wirtschaft/article242486228/heizoelpreise-aktuell-heute-3-juni-2024-experte-heizung-heizen.html,https://www.morgenpost.de/wirtschaft/article242486228/heizoelpreise-aktuell-heute-3-juni-2024-experte-heizung-heizen.html,0,www.morgenpost.de,Heizölpreise heute (03.06.): So viel kostet 1 Liter aktuell,Der Preis für Heizöl zeigt sich robust. Welcher Trend ist zu erwarten? Unsere Übersicht zeigt die aktuellen Heizölpreise von heute (03.06.).,https://img.sparknews.funkemedien.de/238201403/238201403_1682083459_v16_9_1600.jpeg,2024-06-03T08:51:11Z,,"Berlin. Der Preis für Heizöl zeigt sich robust. Welcher Trend ist zu erwarten? Unsere Übersicht zeigt die aktuellen Heizölpreise von heute (03.06.).
Ein Blick auf die Marktentwicklung der vergangene… [+9119 chars]",,de,'Wärmepumpe'
https://www.diepresse.com/18527794/um-13-prozent-stiegen-die-gaspreise-am-montag-wegen-problemen-bei-europas-groesstem-gaslieferanten,https://www.diepresse.com/18527794/um-13-prozent-stiegen-die-gaspreise-am-montag-wegen-problemen-bei-europas-groesstem-gaslieferanten,0,www.diepresse.com,Um 13 Prozent stiegen die Gaspreise am Montag wegen Problemen bei Europas größtem Gaslieferanten,"Die Ursache der Lieferausfälle wird erst untersucht. Wie lange die Problembehebung dauert, ist auch noch unklar. Und beim Import von verflüssigtem Erdgas hat Europa nun starke Konkurrenz aus Asien.",https://img.diepresse.com/public/incoming/qzkhhe-Gaspipeline_Imago.jpg/alternates/DPR_SOCIAL_NACHRICHTEN/Gaspipeline_Imago.jpg,2024-06-03T12:37:12Z,,"Die Ursache der Lieferausfälle wird erst untersucht. Wie lange die Problembehebung dauert, ist auch noch unklar. Und beim Import von verflüssigtem Erdgas hat Europa nun starke Konkurrenz aus Asien.
… [+3207 chars]",,de,'Gas Import'
https://www.bild.de/politik/inland/cdu-will-untersuchungsausschuss-habeck-soll-alle-akw-akten-offenlegen-665dd1c039a3754b4d50d376,https://www.bild.de/politik/inland/cdu-will-untersuchungsausschuss-habeck-soll-alle-akw-akten-offenlegen-665dd1c039a3754b4d50d376,0,www.bild.de,CDU will Untersuchungsausschuss - Habeck soll alle brisanten AKW-Akten offenlegen!,Der umstrittene AKW-Ausstieg 2023 soll ein Nachspiel für Robert Habeck im Bundestag haben! Die Union fordert einen Untersuchungsausschuss.,"https://images.bild.de/665dd1c039a3754b4d50d376/da61ebc9b155fda05eac7e4fc3fcdef5,22dee4ff?w=1280",2024-06-03T15:39:44Z,,"Der umstrittene AKW-Ausstieg 2023 soll ein Nachspiel für Robert Habeck (54, Grüne) im Bundestag haben!
Die Union fordert einen parlamentarischen Untersuchungsausschuss. Am Montagnachmittag machte di… [+2152 chars]",,de,'Energiesicherheit'
https://www.tagesspiegel.de/politik/habeck-soll-akten-offenlegen-unionsfraktionsspitze-verlangt-untersuchungsausschuss-zu-atom-laufzeitverlangerung-11761151.html,https://www.tagesspiegel.de/politik/habeck-soll-akten-offenlegen-unionsfraktionsspitze-verlangt-untersuchungsausschuss-zu-atom-laufzeitverlangerung-11761151.html,0,www.tagesspiegel.de,Habeck soll Akten offenlegen: Unionsfraktionsspitze verlangt Untersuchungsausschuss zu Atom-Laufzeitverlängerung,"Im April 2023 sind die letzten drei Atomkraftwerke endgültig vom Netz gegangen. Der Vorstand von CDU und CSU wirft Wirtschaftsminister Habeck vor, Gegenstimmen ignoriert zu haben.",https://www.tagesspiegel.de/images/atomausstieg-in-deutschland-kernkraftwerk-isar-21/alternates/BASE_16_9_W1400/atomausstieg-in-deutschland---kernkraftwerk-isar-2.jpeg,2024-06-03T16:43:03Z,,Die Spitze der Unionsfraktion im Bundestag will die Entscheidungsfindung der Ampel-Regierung über eine mögliche Laufzeitverlängerung von Atomkraftwerken vor zwei Jahren mit einem Untersuchungsausschu… [+1668 chars],,de,'Energiesicherheit'
https://www.zeit.de/politik/deutschland/2024-06/union-fraktion-atomausstieg-robert-habeck-untersuchungsausschuss,https://www.zeit.de/politik/deutschland/2024-06/union-fraktion-atomausstieg-robert-habeck-untersuchungsausschuss,0,www.zeit.de,Atom-Laufzeitverlängerung : Unionsfraktionsspitze dringt auf Untersuchungsausschuss,Die Spitze der Unionsfraktion fordert einen Untersuchungsausschuss zu den Umständen des Atomausstiegs. Dabei soll auch die Rolle von Robert Habeck untersucht werden.,https://img.zeit.de/politik/deutschland/2024-06/cdu-csu-untersuchungsausschuss-atomausstieg-bundesregierung-robert-habeck/wide__1300x731,2024-06-03T17:27:46Z,,"Die Spitze der Unionsfraktion im Bundestag will einen Untersuchungsausschuss
beantragen, in dem die Umstände des Atomausstiegs der Ampelregierung im
Jahr 2022 geklärt werden sollen. Das geht aus ei… [+3409 chars]",,de,'Laufzeitverlängerung'
https://www.sueddeutsche.de/politik/atomausstieg-untersuchungsausschuss-habeck-cdu-csu-1.7691951,https://www.sueddeutsche.de/politik/atomausstieg-untersuchungsausschuss-habeck-cdu-csu-1.7691951,0,www.sueddeutsche.de,Atomausstieg: Union fordert Untersuchungsausschuss zur Rolle Habecks,"Fraktionschef Friedrich Merz und CSU-Landesgruppenchef Alexander Dobrindt werfen dem Wirtschaftsminister vor, er habe beim Atomausstieg nicht zum Wohle des Landes gehandelt, sondern ""ausschließlich nach der Logik grüner Parteipolitik"".",https://www.sueddeutsche.de/2024/06/03/0ce26a50-7e3c-403c-8f29-b8bd6ae40636.jpeg?q=60&fm=webp&width=1200&rect=0%2C32%2C1373%2C772,2024-06-03T18:22:35Z,,"In dem Schreiben heißt es, die Folgen des russischen Angriffskrieges gegen die Ukraine hätten im Jahr 2022 zu einer Energiekrise geführt. Damals habe Habeck beteuert, einen möglichen Weiterbetrieb de… [+3036 chars]",,de,'Atomausstieg'
https://www.stern.de/politik/deutschland/energie--unionsfraktionsspitze-fuer-u-ausschuss-zu-atom-laufzeit-34766044.html,https://www.stern.de/politik/deutschland/energie--unionsfraktionsspitze-fuer-u-ausschuss-zu-atom-laufzeit-34766044.html,0,www.stern.de,Energie: Unionsfraktionsspitze für U-Ausschuss zu Atom-Laufzeit,Ein Bundestags-Untersuchungsgremium zur möglichen Laufzeitverlängerung von Kernkraftwerken vor zwei Jahren rückt näher. Kommen die Grünen-Minister Habeck und Lemke im Bundestagswahlkampf unter Druck?,https://image.stern.de/34766046/t/ZO/v1/w1440/r1.7778/-/03--urnnewsmldpacom2009010124060399263830v3w800h600l640t320r1873b1136jpeg---f2ca2f81f53d9198.jpg,2024-06-03T19:06:00Z,,Ein Bundestags-Untersuchungsgremium zur möglichen Laufzeitverlängerung von Kernkraftwerken vor zwei Jahren rückt näher. Kommen die Grünen-Minister Habeck und Lemke im Bundestagswahlkampf unter Druck?… [+5828 chars],,de,'Energiesicherheit'
https://www.morgenpost.de/politik/inland/article242493372/Unionsfraktionsspitze-fuer-U-Ausschuss-zu-Atom-Laufzeit.html,https://www.morgenpost.de/politik/inland/article242493372/Unionsfraktionsspitze-fuer-U-Ausschuss-zu-Atom-Laufzeit.html,0,www.morgenpost.de,Unionsfraktionsspitze für U-Ausschuss zu Atom-Laufzeit,Ein Bundestags-Untersuchungsgremium zur möglichen Laufzeitverlängerung von Kernkraftwerken vor zwei Jahren rückt näher. Kommen die Grünen-Minister Habeck und Lemke im Bundestagswahlkampf unter Druck?,https://img.sparknews.funkemedien.de/242493370/242493370_1717441688_v16_9_1600.jpeg,2024-06-03T19:06:00Z,,Berlin. Ein Bundestags-Untersuchungsgremium zur möglichen Laufzeitverlängerung von Kernkraftwerken vor zwei Jahren rückt näher. Kommen die Grünen-Minister Habeck und Lemke im Bundestagswahlkampf unte… [+5851 chars],,de,'Laufzeitverlängerung'
https://www.morgenpost.de/wirtschaft/article242486228/heizoelpreise-aktuell-heute-4-juni-2024-experte-heizung-heizen.html,https://www.morgenpost.de/wirtschaft/article242486228/heizoelpreise-aktuell-heute-4-juni-2024-experte-heizung-heizen.html,0,www.morgenpost.de,Heizölpreise heute (04.06.): So viel kostet 1 Liter aktuell,Der Preis für Heizöl zeigt sich robust. Welcher Trend ist zu erwarten? Unsere Übersicht zeigt die aktuellen Heizölpreise von heute (04.06.).,https://img.sparknews.funkemedien.de/238010407/238010407_1681200442_v16_9_1600.jpeg,2024-06-04T08:08:00Z,,"Berlin. Der Preis für Heizöl zeigt sich robust. Welcher Trend ist zu erwarten? Unsere Übersicht zeigt die aktuellen Heizölpreise von heute (04.06.).
Verbraucherinnen und Verbraucher, die mit Heizöl … [+8988 chars]",,de,'Heizöl'
https://www.n-tv.de/wirtschaft/Waermepumpen-beheizen-zwei-Drittel-der-Neubauten-article24987626.html,https://www.n-tv.de/wirtschaft/Waermepumpen-beheizen-zwei-Drittel-der-Neubauten-article24987626.html,0,www.n-tv.de,Gas auf Platz zwei: Wärmepumpen beheizen zwei Drittel der Neubauten,Ölheizungen spielen in neuen Gebäuden keine Rolle mehr. Gas hingegen bleibt eine zentrale Energiequelle. Weit davor jedoch die Wärmepumpe - Tendenz massiv steigend. Schon jetzt wird in vier von fünf neuen Wohnhäusern mit erneuerbaren Energien geheizt.,https://bilder3.n-tv.de/img/incoming/crop24987898/5731325577-cImg_16_9-w1200/7390eef881926685da3303cbd94fa93d.jpg,2024-06-04T09:13:12Z,,Ölheizungen spielen in neuen Gebäuden keine Rolle mehr. Gas hingegen bleibt eine zentrale Energiequelle. Weit davor jedoch die Wärmepumpe - Tendenz massiv steigend. Schon jetzt wird in vier von fünf … [+1935 chars],,de,'Wärmepumpe'
https://t3n.de/news/wasserstoffkraftwerke-die-wette-auf-die-zukunft-1628085/,https://t3n.de/news/wasserstoffkraftwerke-die-wette-auf-die-zukunft-1628085/,0,t3n.de,Wasserstoffkraftwerke: Die Wette auf die Zukunft,"Wenn es bis 2035 tatsächlich genügend grünen Wasserstoff geben sollte, und er sich in den jetzt neu erbauten Erdgaskraftwerken tatsächlich verbrennen ließe, dann könnte Deutschland in der Tat seinen Klimazielen sehr nahe kommen. Gelingt das jedoch nicht, werd…",https://t3n.de/news/wp-content/uploads/2023/07/Wasserstofftanks.jpg,2024-06-04T09:15:30Z,,"Die Idee ist wirklich verlockend: Neu gebaute, derzeit aber noch klimaschädliche Erdgaskraftwerke sollen eines fernen Tages auf die Verbrennung von Wasserstoff umgestellt werden. Doch das grüne Gas, … [+5294 chars]",,de,'Energiewende Gas'
https://www.tagesschau.de/inland/innenpolitik/atomausstieg-u-ausschuss-beantragt-100.html,https://www.tagesschau.de/inland/innenpolitik/atomausstieg-u-ausschuss-beantragt-100.html,0,www.tagesschau.de,Union will Atomausstieg in U-Ausschuss aufarbeiten,"Seit 2023 sind alle AKW in Deutschland abgeschaltet. Hätten die Kraftwerke auch länger laufen können? Diese Frage will die Union in einem U-Ausschuss aufarbeiten. Sie unterstellt den Grünen, Parteipolitik gemacht zu haben.",https://images.tagesschau.de/image/02d1d1e5-8eee-4650-a053-f3832286ab2d/AAABhnRC4PU/AAABjwnlFvA/16x9-1280/isar2-101.jpg,2024-06-04T11:22:10Z,,"Stand: 04.06.2024 13:22 Uhr
Seit 2023 sind alle AKW in Deutschland abgeschaltet. Hätten die Kraftwerke auch länger laufen können? Diese Frage will die Union in einem U-Ausschuss aufarbeiten. Sie unt… [+2975 chars]",,de,'Atomausstieg'
https://steiermark.orf.at/stories/3259824/,https://steiermark.orf.at/stories/3259824/,0,steiermark.orf.at,Feuerwehreinsätze nach Starkregen,Die starken Regenfälle der vergangenen Stunden haben in der Steiermark für einige Feuerwehreinsätze gesorgt. In Stanz im Mürztal rutschte ein Hang ab. In Mürzzuschlag verursachten die Niederschläge einen Gasaustritt.,https://ibs.orf.at/stm?image=https%3A%2F%2Foekastatic.orf.at%2Fmims%2F2024%2F23%2F06%2Fcrops%2Fw%3D1200%2Ch%3D627%2Cq%3D75%2F2229952_master_846606_stanz4_002.jpg%3Fs%3D536d7e7568c235765aff1c267ca9b922c2de8d1a,2024-06-04T13:11:58Z,,"Montagabend waren die Regenfälle in Mürzzuschlag so stark, dass eine Künette auf einer Baustelle in der Flurgasse den Wassermassen nicht mehr standhalten konnte.
BFVMZ/FF Mürzzuschlag
BFVMZ/FF Mürz… [+1510 chars]",,de,'Gasaustritt'
https://www.morgenpost.de/ratgeber/article242497998/Neue-Zahlen-zur-Waermepumpe-ueberraschen-wer-profitiert.html,https://www.morgenpost.de/ratgeber/article242497998/Neue-Zahlen-zur-Waermepumpe-ueberraschen-wer-profitiert.html,0,www.morgenpost.de,Neue Zahlen zur Wärmepumpe überraschen – wer profitiert?,Die Wärmepumpe dominiert primär in Neubauten. Doch Zahlen zeigen: die Heiztechnik könnte bald für mehr Eigentümer interessant sein.,https://img.sparknews.funkemedien.de/242497996/242497996_1717496389_v16_9_1600.jpeg,2024-06-04T14:04:33Z,,"Berlin. Die Wärmepumpe dominiert primär in Neubauten. Doch Zahlen zeigen: die Heiztechnik könnte bald für mehr Eigentümer interessant sein.
Weg von fossilen Brennstoffen wie Heizöl oder Gas und stat… [+5776 chars]",,de,'Wärmepumpe'
https://taz.de/Untersuchungsausschuss-zum-AKW-Ende/!6011770/,https://taz.de/Untersuchungsausschuss-zum-AKW-Ende/!6011770/,0,taz.de,Untersuchungsausschuss zum AKW-Ende: Billiger Populismus,"Die Union will sich nicht damit abfinden, dass AKWs in Deutschland Vergangenheit sind. Ein parlamentarischer Untersuchungsausschuss ist unsinnig.",https://taz.de/picture/7041586/948/35491178-1.jpeg,2024-06-04T15:01:00Z,,"Die Union will sich nicht damit abfinden, dass AKWs in Deutschland Vergangenheit sind. Ein parlamentarischer Untersuchungsausschuss ist unsinnig.
Die Zeit der Atomkraftwerke in Deutschland ist vorbe… [+2077 chars]",,de,'Energiesicherheit'
https://www.tagesspiegel.de/politik/jens-spahn-zum-untersuchungsausschuss-es-geht-um-die-glaubwurdigkeit-von-robert-habeck-11765885.html,https://www.tagesspiegel.de/politik/jens-spahn-zum-untersuchungsausschuss-es-geht-um-die-glaubwurdigkeit-von-robert-habeck-11765885.html,0,www.tagesspiegel.de,Jens Spahn zum Untersuchungsausschuss: „Es geht um die Glaubwürdigkeit von Robert Habeck“,"Die Union will mit einem Untersuchungsausschuss prüfen, ob der Wirtschaftsminister einen Ausstieg aus dem Atomausstieg ernsthafte prüfte. Alles nur Show? Ein Interview mit Initiator Jens Spahn.",https://www.tagesspiegel.de/images/jens-spahn11/alternates/BASE_16_9_W1400/jens-spahn.jpeg,2024-06-04T15:14:12Z,,"Herr Spahn, die Union bringt einen Untersuchungsausschuss auf den Weg. Dieser soll aufzeigen, wie es zum AKW-Aus in der Energiekrise kam. Wäre es nicht spannender, die Ursachen für diese Energiekrise… [+419 chars]",,de,'Atomausstieg'
https://taz.de/Atom-Aus-in-Deutschland/!6011843/,https://taz.de/Atom-Aus-in-Deutschland/!6011843/,0,taz.de,Atom-Aus in Deutschland: Union will AKW-Ausstieg überprüfen,CDU und CSU setzen auf einen Untersuchungsausschuss. Die Grünen sehen darin ein „wahltaktisches Manöver“.,https://taz.de/picture/7041787/948/35491349-1.jpeg,2024-06-04T15:24:00Z,,"CDU und CSU setzen auf einen Untersuchungsausschuss. Die Grünen sehen darin ein wahltaktisches Manöver.
Wollen einen Untersuchungsausschuss im Bundestag zum Atomausstieg der Regierung: Oppositionspo… [+3848 chars]",,de,'AKW'
https://www.n-tv.de/politik/Union-will-U-Ausschuss-zu-Atom-Entscheidungen-article24989462.html,https://www.n-tv.de/politik/Union-will-U-Ausschuss-zu-Atom-Entscheidungen-article24989462.html,0,www.n-tv.de,"""Grüne Anti-Atom-Ideologie"": Union will U-Ausschuss zu Atom-Entscheidungen","Die Frage, wie es 2022 zur Atom-Entscheidung der Ampel-Regierung gekommen ist, will die Union einen Untersuchungsausschuss einsetzen.  Sie moniert, dass die nationale Energiesicherheit ""ausschließlich nach der Logik grüner Parteipolitik"" erfolgt sei. Die vera…",https://bilder2.n-tv.de/img/incoming/crop24989605/9911325391-cImg_16_9-w1200/456930514.jpg,2024-06-04T17:05:35Z,,"Die Frage, wie es 2022 zur Atom-Entscheidung der Ampel-Regierung gekommen ist, will die Union einen Untersuchungsausschuss einsetzen. Sie moniert, dass die nationale Energiesicherheit ""ausschließlich… [+6704 chars]",,de,'Gaslieferungen'
https://www.bild.de/politik/inland/akten-zu-nord-stream-2-so-verkauften-politiker-deutsche-interessen-660fc6147131b3703ec153a9,https://www.bild.de/politik/inland/akten-zu-nord-stream-2-so-verkauften-politiker-deutsche-interessen-660fc6147131b3703ec153a9,0,www.bild.de,Akten zu Nord Stream 2 - So verkauften Politiker deutsche Interessen,Es war das umstrittenste Energieprojekt Deutschlands und hätte Kreml-Diktator Wladimir Putin (71) viel Geld in die Kriegskasse gespült. BILD hat die Akten zu „Nord Stream 2“.,"https://images.bild.de/660fc6147131b3703ec153a9/d411002a3d12d12ea9c496df24a4997f,fd623072?w=1280",2024-06-04T17:11:38Z,,Es war das umstrittenste Energieprojekt Deutschlands und hätte Kreml-Diktator Wladimir Putin (71) viel Geld in die Kriegskasse gespült. Mit Nord Stream 2 hätte der russische Staatskonzern Gazprom in … [+18146 chars],,de,'Nord Stream'
https://www.faz.net/aktuell/wirtschaft/der-atomausstieg-hat-ein-nachspiel-19764824.html,https://www.faz.net/aktuell/wirtschaft/der-atomausstieg-hat-ein-nachspiel-19764824.html,0,www.faz.net,Auf Konfrontation mit Habeck,Die Union will einen Untersuchungsausschuss zum Atomausstieg. Auch die FDP treibt den Wirtschaftsminister in die Enge. Wie gefährlich wird das für ihn im Wahlkampf?,https://media1.faz.net/ppmedia/aktuell/politik/3435599517/1.9764821/facebook_teaser/muss-sich-rechtfertigen-robert.jpg,2024-06-04T20:16:34Z,,"Die uns vorliegenden Informationen drängen die Schlussfolgerung auf, dass die Bundesregierung in einer entscheidenden Frage unserer nationalen Energiesicherheit nicht zum Wohle Deutschlands, sondern … [+5662 chars]",,de,'Gas Wirtschaft'
https://www.morgenpost.de/wirtschaft/article242486228/heizoelpreise-aktuell-heute-5-juni-2024-experte-heizung-heizen.html,https://www.morgenpost.de/wirtschaft/article242486228/heizoelpreise-aktuell-heute-5-juni-2024-experte-heizung-heizen.html,0,www.morgenpost.de,Heizölpreise heute (05.06.): So viel kostet 1 Liter aktuell,Der Preis für Heizöl zeigt sich robust. Welcher Trend ist zu erwarten? Unsere Übersicht zeigt die aktuellen Heizölpreise von heute (05.06.).,https://img.sparknews.funkemedien.de/238201399/238201399_1682083515_v16_9_1600.jpeg,2024-06-05T08:32:00Z,,"Berlin. Der Preis für Heizöl zeigt sich robust. Welcher Trend ist zu erwarten? Unsere Übersicht zeigt die aktuellen Heizölpreise von heute (05.06.).
Auch Anfang Juni kann immer noch von einer stabil… [+8961 chars]",,de,'Heizöl'
https://www.diepresse.com/18531442/wie-oesterreich-seine-hohen-energiepreise-loswerden-koennte,https://www.diepresse.com/18531442/wie-oesterreich-seine-hohen-energiepreise-loswerden-koennte,0,www.diepresse.com,Wie Österreich seine hohen Energiepreise loswerden könnte [premium],Die Teuerung bei Erdgas hält sich in Österreich hartnäckiger als im Rest Europas. Auch Strom kostet viel mehr als 2021. Mehr Wettbewerb und weniger Politik in den Energiekonzernen könnten helfen.,https://img.diepresse.com/public/incoming/gkrpah-BULGARIA-SERBIA/alternates/DPR_SOCIAL_NACHRICHTEN_PAID/BULGARIA-SERBIA,2024-06-05T11:55:56Z,,"Die Teuerung bei Erdgas hält sich in Österreich hartnäckiger als im Rest Europas. Auch Strom kostet viel mehr als 2021. Mehr Wettbewerb und weniger Politik in den Energiekonzernen könnten helfen. 
I… [+1352 chars]",,de,'Energiepreise'
https://www.tagesspiegel.de/potsdam/brandenburg/wegen-beschadigter-gasleitung-hauser-in-hohen-neuendorf-evakuiert-11772446.html,https://www.tagesspiegel.de/potsdam/brandenburg/wegen-beschadigter-gasleitung-hauser-in-hohen-neuendorf-evakuiert-11772446.html,0,www.tagesspiegel.de,Wegen beschädigter Gasleitung: Häuser in Hohen Neuendorf evakuiert,Bei Bauarbeiten im brandenburgischen Hohen Neuendorf kam es zu einem Gasaustritt. Eine akute Gefahr für die Anwohner bestand nicht.,https://www.tagesspiegel.de/images/feuerwehr-kraft/alternates/BASE_16_9_W1400/feuerwehr-kraft,2024-06-05T13:17:52Z,,"Wegen einer beschädigten Gasleitung haben am Mittwoch in Hohen Neuendorf im Kreis Oberhavel Anwohner ihre Häuser verlassen müssen. Laut Polizei wurden umliegende Gebäude evakuiert. 
Wahl-O-Mat für P… [+365 chars]",,de,'Gasaustritt'
https://www.golem.de/sonstiges/zustimmung/auswahl.html?from=https://www.golem.de/news/ladeinfrastruktur-regierungsstudie-rueckt-von-e-mobilitaetszielen-ab-2406-185782.html&referer=https://t.co/aa36cefb52,https://www.golem.de/sonstiges/zustimmung/auswahl.html?from=https://www.golem.de/news/ladeinfrastruktur-regierungsstudie-rueckt-von-e-mobilitaetszielen-ab-2406-185782.html&referer=https://t.co/aa36cefb52,0,www.golem.de,Ladeinfrastruktur: Regierungsstudie rückt von E-Mobilitätszielen ab,"Weniger Elektroautos und Ladesäulen, aber eine höhere Ladeleistung: Eine Studie zur Ladeinfrastruktur 2030 stößt auf Kritik der Energiewirtschaft. (Ladesäule, Elektroauto)",,2024-06-06T05:20:02Z,,"Besuchen Sie Golem.de wie gewohnt mit Werbung und Tracking,
 indem Sie der Nutzung aller Cookies zustimmen.
 Details zum Tracking finden Sie im Privacy Center.
Skript wurde nicht geladen. Informat… [+607 chars]",,de,'Energiewirtschaft'
https://www.faz.net/aktuell/rhein-main/region-und-hessen/erleichterungen-fuer-aussengastronomie-in-mainz-19765122.html,https://www.faz.net/aktuell/rhein-main/region-und-hessen/erleichterungen-fuer-aussengastronomie-in-mainz-19765122.html,0,www.faz.net,"Erleichterungen für Wirtschaftsgärten: Die Zeit drängt, der Sommer ist da","Streitfrage: Wie viel Fläche steht Gastronomen in der Mainzer Altstadt zur Verfügung, um Kunden im Freien zu bewirten? Auf eine grundlegende Änderung der Bebauungspläne wird also keiner warten können.",https://media1.faz.net/ppmedia/aktuell/3240437333/1.9768601/facebook_teaser/aussengastronomie-in-mainz.jpg,2024-06-06T06:31:05Z,,"Alles braucht seine Zeit. Und so werden wohl noch Jahre vergehen, bis die Bebauungspläne für die Mainzer Altstadt von der Verwaltung so gesetzeskonform und gerichtsfest umgestaltet sind, dass die pol… [+1898 chars]",,de,'Energiekrise'
https://www.morgenpost.de/wirtschaft/article242486228/heizoelpreise-aktuell-heute-6-juni-2024-experte-heizung-heizen.html,https://www.morgenpost.de/wirtschaft/article242486228/heizoelpreise-aktuell-heute-6-juni-2024-experte-heizung-heizen.html,0,www.morgenpost.de,Heizölpreise heute (06.06.): So viel kostet 1 Liter aktuell,Der Preis für Heizöl zeigt sich robust. Welcher Trend ist zu erwarten? Unsere Übersicht zeigt die aktuellen Heizölpreise von heute (06.06.).,https://img.sparknews.funkemedien.de/237618627/237618627_1704385532_v16_9_1600.jpeg,2024-06-06T06:53:00Z,,"Berlin. Der Preis für Heizöl zeigt sich robust. Welcher Trend ist zu erwarten? Unsere Übersicht zeigt die aktuellen Heizölpreise von heute (06.06.).
Verbraucherinnen und Verbraucher, die mit Heizöl … [+9056 chars]",,de,'Heizöl'
https://www.diepresse.com/18537387/china-usa-und-europa-werden-gruen-der-rest-der-welt-bleibt-fossil,https://www.diepresse.com/18537387/china-usa-und-europa-werden-gruen-der-rest-der-welt-bleibt-fossil,0,www.diepresse.com,"China, USA und Europa werden grün, der Rest der Welt bleibt fossil [premium]","Energie. Die drei größten Wirtschaftsmächte der Welt treiben globale Investitionen in Erneuerbare erstmals auf das Doppelte der Summe, die fossile Energieprojekte erhalten. Doch die anderen Staaten ziehen nicht mit und bauen weiter auf Öl und Gas.",https://img.diepresse.com/public/incoming/g9e3p3-GettyImages-2152345928.jpg/alternates/DPR_SOCIAL_NACHRICHTEN_PAID/GettyImages-2152345928.jpg,2024-06-06T09:14:17Z,,"Die drei größten Wirtschaftsmächte der Welt treiben globale Investitionen in Erneuerbare erstmals auf das Doppelte der Summe, die fossile Energieprojekte erhalten. Doch die anderen Staaten ziehen nic… [+841 chars]",,de,'Erneuerbare Energie'
https://www.faz.net/aktuell/wirtschaft/mehr-wirtschaft/russland-connection-der-spd-ampel-debatte-ueber-merkels-energiepolitik-19769977.html,https://www.faz.net/aktuell/wirtschaft/mehr-wirtschaft/russland-connection-der-spd-ampel-debatte-ueber-merkels-energiepolitik-19769977.html,0,www.faz.net,Schlagabtausch zur Energiepolitik,"Die Ampel debattiert über eine parlamentarische Aufarbeitung von Merkels Energiepolitik. Die CDU sieht das gelassen. Und verweist auf die „Russland-Connection“ der SPD, von Schröder bis Scholz.",https://media1.faz.net/ppmedia/aktuell/747920756/1.9770523/facebook_teaser_fplus/wie-eng-war-die-russland.jpg,2024-06-06T18:03:56Z,,"Die Unionsfraktion ist bereit, die Energiepolitik unter Kanzlerin Angela Merkel (CDU) im Bundestag untersuchen zu lassen. Wenn sich die Ampel einig wird, kann sie mit ihrer Mehrheit jederzeit eine pa… [+561 chars]",,de,'Energiepolitik'
https://www.tagesschau.de/newsticker/liveblog-ukraine-freitag-394.html,https://www.tagesschau.de/newsticker/liveblog-ukraine-freitag-394.html,0,www.tagesschau.de,Ukraine-Liveblog: ++ Weniger Strom durch Angriffe ++,Wegen Angriffen auf die Energieversorgung sind neue Stromabschaltungen in der Ukraine angekündigt. Die USA wollen offenbar neue Munition liefern. Präsident Selenskyj soll erneut nach Deutschland kommen. Die Entwicklungen im Liveblog.,https://images.tagesschau.de/image/5b073b67-29bf-4703-b6b1-71469e4c25bb/AAABjz78AfM/AAABjwnlFvA/16x9-1280/flagge-ukraine-truemmer-101.jpg,2024-06-07T00:45:44Z,,"Stand: 07.06.2024 02:45 Uhr
Wegen Angriffen auf die Energieversorgung sind neue Stromabschaltungen in der Ukraine angekündigt. Die USA wollen offenbar neue Munition liefern. Präsident Selenskyj soll… [+2555 chars]",,de,'Energieversorgung'
https://steiermark.orf.at/stories/3260146/,https://steiermark.orf.at/stories/3260146/,0,steiermark.orf.at,AK: Zinssenkung hat psychologischen Effekt,"Die Europäische Zentralbank (EZB) hat den Leitzins am Donnerstag um einen Viertel Prozentpunkt, also von 4,5 auf 4,25 Prozent abgesenkt. Nachdem die stark gestiegene Inflation und die Energiepreise Gründe für eine deutliche Zinserhöhung waren – scheint es jet…",https://ibs.orf.at/stm?image=https%3A%2F%2Foekastatic.orf.at%2Fmims%2F2022%2F17%2F13%2Fcrops%2Fw%3D1200%2Ch%3D627%2Cq%3D75%2F1318749_master_472113_220420_bh_zinsen_und_kredite_00_02_22_14.jpg%3Fs%3D2f51d2182d47158940b4d7d3840e7f8c3e692bb2,2024-06-07T04:12:00Z,,"Die Europäische Zentralbank läutete eine Zinswende ein der Leitzins ist um einen Viertel Prozentpunkt gesenkt worden mehr dazu in EZB senkt Leitzins erstmals seit 2019 (news.ORF.at).
Senkung führt z… [+1702 chars]",,de,'Inflation'
https://www.zeit.de/wirtschaft/2024-06/bruttoinlandsprodukt-robert-habeck-wirtschaftswachstum-2025,https://www.zeit.de/wirtschaft/2024-06/bruttoinlandsprodukt-robert-habeck-wirtschaftswachstum-2025,0,www.zeit.de,Bruttoinlandsprodukt: Robert Habeck rechnet 2025 mit deutlich mehr Wirtschaftswachstum,"Man habe die Inflation im Griff, sagt der Bundeswirtschaftsminister. Auch deswegen könnte das Bruttoinlandsprodukt um bis zu eineinhalb Prozent zulegen.",https://img.zeit.de/politik/deutschland/2024-06/robert-habeck-wirtschaftswachstum-bild/wide__1300x731,2024-06-07T08:20:25Z,,"Bundeswirtschaftsminister Robert Habeck (Grüne) rechnet im kommenden Jahr mit deutlich mehr Wirtschaftswachstum. Wenn es gut laufe, würden es ein bis eineinhalb Prozent sein, sagte der Grünen-Politik… [+1452 chars]",,de,'Energiepreise'
https://www.n-tv.de/wirtschaft/Wirtschaft-fasst-Tritt-auch-weil-Deutsche-mehr-kaufen-article24996569.html,https://www.n-tv.de/wirtschaft/Wirtschaft-fasst-Tritt-auch-weil-Deutsche-mehr-kaufen-article24996569.html,0,www.n-tv.de,Inflation sinkt langsam: Wirtschaft fasst Tritt - auch weil Deutsche mehr kaufen,"Seit zwei Jahren schwächelt die deutsche Wirtschaft. Jetzt geht es laut Konjunkturprognose der Bundesbank langsam bergauf, was auch an kauffreudigeren Privathaushalten liegt. Für 2025 sieht Wirtschaftsminister Habeck sogar deutlich mehr Wachstum.",https://bilder4.n-tv.de/img/incoming/crop24923923/0821321180-cImg_16_9-w1200/imago0311402254h.jpg,2024-06-07T08:22:54Z,,"Seit zwei Jahren schwächelt die deutsche Wirtschaft. Jetzt geht es laut Konjunkturprognose der Bundesbank langsam bergauf, was auch an kauffreudigeren Privathaushalten liegt. Für 2025 sieht Wirtschaf… [+3129 chars]",,de,'Inflation'
https://www.tagesschau.de/inland/eilantrag-lng-terminal-gescheitert-100.html,https://www.tagesschau.de/inland/eilantrag-lng-terminal-gescheitert-100.html,0,www.tagesschau.de,Klagen gegen LNG-Terminal in Mukran auf Rügen gescheitert,Mehrere Eilanträge gegen den Betrieb des Flüssiggas-Terminals im Hafen Mukran auf Rügen sind vom Bundesverwaltungsgericht in Leipzig für unzulässig erklärt worden.,https://images.tagesschau.de/image/c5a4fc08-cd85-4db6-ab06-cbf0ecbd6210/AAABj_IOImc/AAABjwnlFvA/16x9-1280/ndr-das-lng-terminal-mukran-von-see-aus-102.jpg,2024-06-07T09:07:00Z,,"Stand: 07.06.2024 11:07 Uhr
Mehrere Eilanträge gegen den Betrieb des Flüssiggas-Terminals im Hafen Mukran auf Rügen sind vom Bundesverwaltungsgericht in Leipzig für unzulässig erklärt worden.
Die E… [+491 chars]",,de,'LNG'
https://www.zeit.de/wirtschaft/2024-06/lng-terminal-ruegen-eilantraege-abgelehnt-bundesverwaltungsgericht,https://www.zeit.de/wirtschaft/2024-06/lng-terminal-ruegen-eilantraege-abgelehnt-bundesverwaltungsgericht,0,www.zeit.de,Binz auf Rügen: Bundesverwaltungsgericht lehnt Eilantrag gegen Rügener LNG-Terminal ab,Das Bundesverwaltungsgericht hat Eilanträge der Gemeinde Binz und weiteren Gegnern abgewiesen. Sicherheitsrisiken durch das LNG-Terminal auf Rügen seien nicht erkennbar.,https://img.zeit.de/administratives/sharing/fallback-image/wide__1300x731,2024-06-07T09:21:16Z,,"Die Eilanträge gegen den Betrieb des 
Flüssiggas-Terminals auf der Osteeinsel Rügen im Hafen Mukran sind gescheitert. Das Bundesverwaltungsgericht in Leipzig erklärte die Eilanträge für 
unzulässig… [+253 chars]",,de,'LNG'
https://futurezone.at/science/wasser-waermepumpe-4-mal-mehr-energie-wshp-seawarm-luft-fluesse-seen/402909941,https://futurezone.at/science/wasser-waermepumpe-4-mal-mehr-energie-wshp-seawarm-luft-fluesse-seen/402909941,0,futurezone.at,Gewässer statt Luft: Neuartige Wärmepumpe für kleine Häuser,Eine in Schottland entwickelte Wärmpumpe soll Vorteile gegenüber Luftwärmepumpen haben.,https://image.futurezone.at/images/facebook/8757977/pexels-rahulp9800-2260649.jpg,2024-06-07T10:07:32Z,,"07.06.2024
Eine in Schottland entwickelte Wärmpumpe soll Vorteile gegenüber Luftwärmepumpen haben.
© SeaWarm
Damit wäre ihr Wirkungsgrad in etwa so gut wie eine effiziente Luftwärmepumpe. Preislic… [+114 chars]",,de,'Wärmepumpe'
https://www.welt.de/wirtschaft/article251908282/Bundesverwaltungsgericht-weist-Eilantraege-gegen-Ruegener-LNG-Terminal-ab.html,https://www.welt.de/wirtschaft/article251908282/Bundesverwaltungsgericht-weist-Eilantraege-gegen-Ruegener-LNG-Terminal-ab.html,0,www.welt.de,Eilanträge gegen Rügener LNG-Terminal gescheitert,"Das Flüssiggas-Terminal im Rügener Hafen Mukran ist in der Region nicht überall beliebt. Die Gemeinde Binz, das Deutsche Jugendherbergswerk und zwei Privatleute haben gegen den Betrieb geklagt. Das Bundesverwaltungsgericht weist die Anträge aber ab – Sicherhe…",https://img.welt.de/img/bildergalerien/mobile251907892/5981355597-ci16x9-w1200/Energie-Terminal-Deutsche-Ostsee-im-Hafen-Mukran.jpg,2024-06-07T10:57:20Z,,"Die Eilanträge der Gemeinde Binz, des Deutschen Jugendherbergswerks und von zwei privaten Grundstückseigentümern gegen den Betrieb des Flüssiggas-Terminals auf Rügen im Hafen Mukran sind gescheitert.… [+2056 chars]",,de,'LNG'
https://taz.de/Eilantraege-abgeschmettert/!6015778/,https://taz.de/Eilantraege-abgeschmettert/!6015778/,0,taz.de,Eilanträge abgeschmettert: LNG-Terminal darf in Betrieb gehen,Eilanträge gegen Rügener Flüssiggasterminal scheitern vor dem Bundesverwaltungsgericht. Risiken für Umwelt und Tourismus seien nicht erkennbar.,https://taz.de/picture/7048666/948/35512297-1.jpeg,2024-06-07T11:21:00Z,,"Eilanträge gegen Rügener Flüssiggasterminal scheitern vor dem Bundesverwaltungsgericht. Risiken für Umwelt und Tourismus seien nicht erkennbar.
Das LNG-Terminal im Hafen von Mukran auf Rügen Foto: J… [+2357 chars]",,de,'LNG'
https://www.diepresse.com/18542938/oenb-chef-holzmann-die-inflation-ist-klebriger-als-erwartet,https://www.diepresse.com/18542938/oenb-chef-holzmann-die-inflation-ist-klebriger-als-erwartet,0,www.diepresse.com,OeNB-Chef Holzmann: „Die Inflation ist klebriger als erwartet“,"Nationalbank-­­Gouverneur Robert Holzmann nennt mehrere Gründe, warum er als einziger gegen die Zinssenkung der EZB gestimmt hat. Die österreichische Wirtschaft soll laut OeNB heuer vor allem durch die höchsten Reallohnsteigerungen seit 20 Jahren angetrieben …",https://img.diepresse.com/public/incoming/2vkdhf-RAIFFEISEN-INTL-STRABAGRUSSIA-HOLZMANN/alternates/DPR_SOCIAL_MAGAZIN/RAIFFEISEN%20INTL-STRABAGRUSSIA-HOLZMANN,2024-06-07T11:59:38Z,,"Nationalbank-­­Gouverneur Robert Holzmann nennt mehrere Gründe, warum er als einziger gegen die Zinssenkung der EZB gestimmt hat. Die österreichische Wirtschaft soll laut OeNB heuer vor allem durch d… [+4823 chars]",,de,'Energiepreise'
https://www.diepresse.com/18468076/rbi-chefanalyst-deuber-hohe-energiepreise-schmerzten-in-den-1970ern-mehr-als-heute,https://www.diepresse.com/18468076/rbi-chefanalyst-deuber-hohe-energiepreise-schmerzten-in-den-1970ern-mehr-als-heute,0,www.diepresse.com,RBI-Chefanalyst Deuber: „Hohe Energiepreise schmerzten in den 1970ern mehr als heute“ [premium],"Die Zinsentwicklung hält die Börsen weltweit auf Trab, der Ölpreis dürfte aus aktueller Sicht nicht allzu stark weiter steigen: RBI-Chefanalyst Gunter Deuber liefert eine Einschätzung.",https://img.diepresse.com/public/incoming/tjmbha-PB-ITV-Raja_Kauffmann.jpg/alternates/DPR_SOCIAL_MAGAZIN_PAID/PB%20ITV%20Raja_Kauffmann.jpg,2024-06-08T12:59:12Z,,"Die Zinsentwicklung hält die Börsen weltweit auf Trab, der Ölpreis dürfte aus aktueller Sicht nicht allzu stark weiter steigen: RBI-Chefanalyst Gunter Deuber liefert eine Einschätzung.
Die Inflation… [+1960 chars]",,de,'Energiepreise'
https://www.n-tv.de/wirtschaft/Waermepumpen-Hersteller-schlagen-Alarm-article25000450.html,https://www.n-tv.de/wirtschaft/Waermepumpen-Hersteller-schlagen-Alarm-article25000450.html,0,www.n-tv.de,Verbraucher schlecht informiert?: Wärmepumpen-Hersteller schlagen Alarm,Der Absatz von Wärmepumpen bricht massiv ein. Schuld ist nach Ansicht der Branche die Debatte ums Heizungsgesetz und die kommunale Wärmeplanung - und dass die Immobilienbesitzer schlecht über die Gaspreise informiert sind. Ändern soll das die Regierung.,https://bilder4.n-tv.de/img/incoming/crop25000455/5971327383-cImg_16_9-w1200/446603629.jpg,2024-06-09T08:26:06Z,,Der Absatz von Wärmepumpen bricht massiv ein. Schuld ist nach Ansicht der Branche die Debatte ums Heizungsgesetz und die kommunale Wärmeplanung - und dass die Immobilienbesitzer schlecht über die Gas… [+2045 chars],,de,'Wärmepumpe'
https://hallespektrum.de/nachrichten/wirtschaft/energieminister-willingmann-fordert-schnelleren-ausbau-des-stromnetzes/466188/,https://hallespektrum.de/nachrichten/wirtschaft/energieminister-willingmann-fordert-schnelleren-ausbau-des-stromnetzes/466188/,0,hallespektrum.de,Energieminister Willingmann fordert schnelleren Ausbau des Stromnetzes,"Der Energieminister von Sachsen-Anhalt, Prof. Dr. Armin Willingmann, hat im Landtag eine Beschleunigung des Stromnetzausbaus gefordert. Um den wachsenden Bedarf an erneuerbaren Energien zu decken, müsse insbesondere der Transport von Windstrom aus dem Norden …",https://hallespektrum.de/wp-content/uploads/2021/08/Strom.png,2024-06-11T11:54:09Z,,"Der Energieminister von Sachsen-Anhalt, Prof. Dr. Armin Willingmann, hat im Landtag eine Beschleunigung des Stromnetzausbaus gefordert. Um den wachsenden Bedarf an erneuerbaren Energien zu decken, mü… [+2460 chars]",,de,'Energieminister'
https://www.zeit.de/video/2024-06/6354805474112/ukraine-wiederaufbaukonferenz-luftverteidigung-ist-die-antwort-auf-alles,https://www.zeit.de/video/2024-06/6354805474112/ukraine-wiederaufbaukonferenz-luftverteidigung-ist-die-antwort-auf-alles,0,www.zeit.de,"Ukraine-Wiederaufbaukonferenz: ""Luftverteidigung ist die Antwort auf alles""","Sein Land benötige weitere Luftabwehrsysteme, so Präsident Selenskyj bei der Ukraine-Aufbaukonferenz in Berlin. Russland ziele derzeit primär auf die Energieversorgung.",https://img.zeit.de/video/2024-06/6354805474112-still/wide__1300x731,2024-06-11T13:15:48Z,,"Schließen
Hier können Sie interessante Artikel speichern, um sie später zu lesen und wiederzufinden.
Sie haben bereits ein Konto?
 Hier anmelden.",,de,'Energieversorgung'
https://www.tagesschau.de/ausland/europa/ukraine-kriegsschaeden-reparatur-100.html,https://www.tagesschau.de/ausland/europa/ukraine-kriegsschaeden-reparatur-100.html,0,www.tagesschau.de,Wie viel der Wiederaufbau der Ukraine kosten könnte,"Mit Raketen, Drohnen und Granaten zerstört Russland landesweit Gebäude und Infrastruktur in der Ukraine. Auch die Energieversorgung wird systematisch angegriffen. Andrea Beer über die finanziellen Kosten des Wiederaufbaus.",https://images.tagesschau.de/image/ef87756c-ca2f-456b-beda-02018dffeaa3/AAABkAeOMEU/AAABjwnlFvA/16x9-1280/truemmer-haus-ukraine-106.jpg,2024-06-11T15:18:14Z,,"Stand: 11.06.2024 17:18 Uhr
Mit Raketen, Drohnen und Granaten zerstört Russland landesweit Gebäude und Infrastruktur in der Ukraine. Auch die Energieversorgung wird systematisch angegriffen.Die fina… [+4193 chars]",,de,'Energieversorgung'
https://www.telepolis.de/features/Habeck-sucht-nach-Loesungen-fuer-Transit-von-Erdgas-durch-Ukraine-9758579.html,https://www.telepolis.de/features/Habeck-sucht-nach-Loesungen-fuer-Transit-von-Erdgas-durch-Ukraine-9758579.html,0,www.telepolis.de,Habeck sucht nach Lösungen für Transit von Erdgas durch Ukraine,"Die EU hängt an russischem Gas, obwohl sie unabhängiger werden wollte. Der Transitvertrag mit der Ukraine läuft aus. Findet Robert Habeck eine Lösung?",https://heise.cloudimg.io/bound/1200x1200/q85.png-lossy-85.webp-lossy-85.foil1/_www-heise-de_/imgs/18/4/6/1/1/4/3/5/shutterstock_2343857327-852013ee80aaaac5.jpeg,2024-06-11T16:00:00Z,,"(Bild: FOTOGRIN / Shutterstock.com)
Die EU hängt an russischem Gas, obwohl sie unabhängiger werden wollte. Der Transitvertrag mit der Ukraine läuft aus. Findet Robert Habeck eine Lösung?
Die Europä… [+3668 chars]",,de,'Gas Ukraine'
https://www.nzz.ch/wirtschaft/auf-der-suche-nach-500-milliarden-dollar-ld.1834484,https://www.nzz.ch/wirtschaft/auf-der-suche-nach-500-milliarden-dollar-ld.1834484,0,www.nzz.ch,"Ukraine-Konferenz: «Der beste Wiederaufbau ist der, der gar nicht stattfinden muss»",An der Berliner Ukraine-Wiederaufbaukonferenz hat der ukrainische Präsident Wolodimir Selenski um Unterstützung zur Luftverteidigung und zur Energieversorgung gebeten. Ziel der Veranstaltung ist die Vernetzung der Akteure.,"https://img.nzz.ch/2024/06/11/8d6b9367-c522-47f6-a034-1aeb5ac6a9c2.jpeg?width=1200&height=675&fit=bounds&quality=75&auto=webp&crop=5200,2925,x0,y94&wmark=nzz",2024-06-12T03:30:00Z,,"Dringendste Anliegen sind dem ukrainischen Präsidenten Wolodimir Selenski an der Medienkonferenz mit dem deutschen Bundeskanzler Olaf Scholz die Luftverteidigung und die Energieversorgung.
Es ist na… [+7492 chars]",,de,'Energieversorgung'
https://www.focus.de/experts/deutschland-verliert-wettlauf-um-kritische-rohstoffe-hoffnung-macht-kasachstan_id_203146718.html,https://www.focus.de/experts/deutschland-verliert-wettlauf-um-kritische-rohstoffe-hoffnung-macht-kasachstan_id_203146718.html,0,www.focus.de,"Moral als Problem - Deutschland verliert Wettlauf um kritische Rohstoffe, Hoffnung macht Kasachstan","Der Druck auf Deutschland und die EU, ihre Rohstoffversorgung zu sichern, steigt. Die Abhängigkeit von Ländern wie Russland und China ist riskant, wie die jüngsten Krisen zeigen. Neue Strategien und Partner sollen helfen, diese Abhängigkeit zu verringern, ana…",https://p6.focus.de/img/fotos/id_260028315/rohstoffe-v01.png?im=Crop%3D%280%2C60%2C1920%2C960%29%3BResize%3D%281200%2C627%29&impolicy=perceptual&quality=mediumHigh&hash=6faa26934f607fb4aed8d2ae9d511cdf02c9c7713e7d903e63cf0371b46c0c0a,2024-06-12T07:02:53Z,,"Der Druck auf Deutschland und die EU, ihre Rohstoffversorgung zu sichern, steigt. Die Abhängigkeit von Ländern wie Russland und China ist riskant, wie die jüngsten Krisen zeigen. Neue Strategien und … [+12263 chars]",,de,'Energiewende Gas'
https://www.tagesspiegel.de/einkommen-wer-erhalt-urlaubsgeld-11813459.html,https://www.tagesspiegel.de/einkommen-wer-erhalt-urlaubsgeld-11813459.html,0,www.tagesspiegel.de,Einkommen: Wer erhält Urlaubsgeld?,Die Inflation hat das Leben deutlich verteuert. Viele Arbeitgeber federn das etwas ab. Aber nicht alle Beschäftigten profitieren. Auch beim Urlaubsgeld geht eine Mehrheit leer aus.,https://www.tagesspiegel.de/images/bargeld-auf-einem-tisch/alternates/BASE_16_9_W1400/bargeld-auf-einem-tisch,2024-06-12T12:58:57Z,,"Ob Inflationsausgleich oder Urlaubsgeld: Solche Sonderzahlungen sind bei Arbeitnehmern und Arbeitnehmerinnen sehr beliebt. Doch längst nicht alle bekommen sie, wie Umfragen zeigen.
So erhält in dies… [+3230 chars]",,de,'Inflation'
https://www.zeit.de/2024/26/energieversorgung-stromausfall-ukraine-raketen-kraftwerk-investoren,https://www.zeit.de/2024/26/energieversorgung-stromausfall-ukraine-raketen-kraftwerk-investoren,0,www.zeit.de,Energieversorgung in der Ukraine: Raketen auf Kraftwerke,"In der Ukraine fällt immer wieder der Strom aus, weil Russland die Energieversorgung angreift. Westliche Geldgeber dürfte das aber nicht abschrecken – im Gegenteil.",https://img.zeit.de/2024/26/ukraine-angriffe-energiestruktur-teaser/wide__1300x731,2024-06-12T15:48:20Z,,"Es passiert in diesen Tagen in Kiew immer wieder, auch ohne Ansage, mitten am Tag. Dann gehen die Ampeln aus, springen vor Läden und an Kiosken Generatoren an, die vor sich hinrattern wie Rasenmäher.… [+338 chars]",,de,'Rakete Kraftwerk'
