,phrase,label,sentiment,subjectivity,language,count
Deutschland,,,,,,
Ukraine,,,,,,
Berlin,,,,,,
Russland,,,,,,
nan,,,,,,
Europa,,,,,,
Washington,,,,,,
Br\u00fcssel,,,,,,
\u00fcberall,,,,,,
China,,,,,,
Frankreich,,,,,,
Deutschlands,,,,,,
Russlands,,,,,,
Kiew,,,,,,
Niedersachsen,,,,,,
Ägypten,,,,,,
USA,,,,,,
Bund,,,,,,
Brüssel,,,,,,
…,,,,,,
Ostsee,,,,,,
Wilhelmshaven,,,,,,
Schweiz,,,,,,
Polen,,,,,,
Moskau,,,,,,
Gaspreis,,,,,,
Staaten,,,,,,
Gaspreisbremse,,,,,,
Paris,,,,,,
Europas,,,,,,
Großbritannien,,,,,,
Cherson,,,,,,
Österreich,,,,,,
Spanien,,,,,,
Schweden,,,,,,
Stadt,,,,,,
Hamburg,,,,,,
Bayern,,,,,,
London,,,,,,
Düsseldorf,,,,,,
Bonn,,,,,,
München,,,,,,
Türkei,,,,,,
Iran,,,,,,
den USA,,,,,,
Kreml,,,,,,
Israel,,,,,,
Norwegen,,,,,,
Dänemark,,,,,,
Italien,,,,,,
Union,,,,,,
Energiekrise,,,,,,
Sachsen-Anhalt,,,,,,
Landes,,,,,,
Lecks,,,,,,
Lubmin,,,,,,
Katar,,,,,,
Libanon,,,,,,
Strompreisbremse,,,,,,
Leyen,,,,,,
Frankfurt,,,,,,
Staat,,,,,,
Leipzig,,,,,,
Gaskunden,,,,,,
Nordsee,,,,,,
Zürich,,,,,,
Mecklenburg-Vorpommern,,,,,,
Nord-Stream-Pipelines,,,,,,
Land,,,,,,
Luxemburg,,,,,,
Landtag,,,,,,
Landtagswahl,,,,,,
NRW,,,,,,
Bürgergeld,,,,,,
Saporischschja,,,,,,
Thüringen,,,,,,
Finanzminister,,,,,,
Peking,,,,,,
Brunsbüttel,,,,,,
US-Präsident,,,,,,
Prag,,,,,,
Emsland,,,,,,
Brandenburg,,,,,,
Hessen,,,,,,
Frankreichs,,,,,,
Diesel,,,,,,
d…,,,,,,
Wien,,,,,,
Kasachstan,,,,,,
Hannover,,,,,,
Donezk,,,,,,
Afrika,,,,,,
Sachsen,,,,,,
Habeck,,,,,,
Griechenland,,,,,,
Gasspeicher,,,,,,
SZ.de,,,,,,
Ländern,,,,,,
Münster,,,,,,
Lützerath,,,,,,
Ostdeutschland,,,,,,
Spaniens,,,,,,
Mittelmeer,,,,,,
Bundesrepublik,,,,,,
Baden-Württemberg,,,,,,
Neckarwestheim,,,,,,
Scharm el Scheich,,,,,,
Charkiw,,,,,,
Nord-Stream-Lecks,,,,,,
Athen,,,,,,
Krim,,,,,,
Bornholm,,,,,,
Strompreis,,,,,,
Homeoffice,,,,,,
Dresden,,,,,,
Belgien,,,,,,
Aldi,,,,,,
Pipeline-Lecks,,,,,,
Fracking,,,,,,
Saudi-Arabien,,,,,,
Kommunen,,,,,,
Stromausfall,,,,,,
Japan,,,,,,
Startseite</li><li,,,,,,
Wohngeld,,,,,,
Moldau,,,,,,
dpa/bb,,,,,,
Lingen,,,,,,
Ungarn,,,,,,
Erde,,,,,,
Kärnten,,,,,,
Balkan,,,,,,
Ostseeküste,,,,,,
Glasgow,,,,,,
Ölpipeline Druschba,,,,,,
Stuttgart,,,,,,
Flüssigerdgas,,,,,,
Pipelines,,,,,,
Feldberg,,,,,,
FDP-Chef,,,,,,
Corona-Pandemie,,,,,,
Putins,,,,,,
Büros,,,,,,
Brandenburgs,,,,,,
Ukraine-News,,,,,,
Privacy Center,,,,,,
Straße,,,,,,
Berlins,,,,,,
Preisbremse,,,,,,
Briten,,,,,,
Stromausfälle,,,,,,
Portugal,,,,,,
Gas-Pipelines Nord Stream 1,,,,,,
Bali,,,,,,
Gasspeicherverband,,,,,,
Gas-Pipelines Nord,,,,,,
Ampel,,,,,,
Rot-Grün,,,,,,
Blackouts,,,,,,
der Schweiz,,,,,,
Gasmarkt,,,,,,
Russen,,,,,,
Vereinigten Staaten,,,,,,
Monaten,,,,,,
Dax,,,,,,
Vorarlberg,,,,,,
Land Berlin,,,,,,
Indonesien,,,,,,
Asien,,,,,,
Teuer-Winter,,,,,,
Chile,,,,,,
ol><li,,,,,,
E-Autos,,,,,,
Pyrenäen,,,,,,
Bundesanwaltschaft,,,,,,
Schuldenbremse,,,,,,
Cosco,,,,,,
Ostsee-Insel,,,,,,
Bundesrechnungshof,,,,,,
Haus,,,,,,
Rheinland-Pfalz,,,,,,
Gasfüllstand,,,,,,
Megawattstunde,,,,,,
G7,,,,,,
Island,,,,,,
Bulgarien,,,,,,
Nordkorea,,,,,,
Alpen,,,,,,
Grimma,,,,,,
Wärmepumpen,,,,,,
Gazprom,,,,,,
Nordrhein-Westfalen,,,,,,
Nord Stream 2,,,,,,
Brasilien,,,,,,
Australien,,,,,,
Euronews,,,,,,
fr.de,,,,,,
B…,,,,,,
Politik</li></ol,,,,,,
Usbekistan,,,,,,
Gazprom-Tochter,,,,,,
LNG-Terminal,,,,,,
Zentralasien,,,,,,
Stromausfällen,,,,,,
Energiepreisbremsen,,,,,,
Bremen,,,,,,
Füllstand,,,,,,
Lindner,,,,,,
Krim-Brücke,,,,,,
Heizperiode,,,,,,
Verbraucherschützern,,,,,,
Gladbach,,,,,,
Magdeburg,,,,,,
Kanzlers,,,,,,
Tirol,,,,,,
Ampel-Koalition,,,,,,
Energiemarkt,,,,,,
Niederlande,,,,,,
Stromkosten,,,,,,
Protesten,,,,,,
Bundes,,,,,,
Bürgergeldes,,,,,,
Nord-Stream-Gaspipelines,,,,,,
Landkreis Ebersberg,,,,,,
Tschechien,,,,,,
Klimakonferenz,,,,,,
Nord Stream,,,,,,
Milliardenhöhe,,,,,,
Jobs,,,,,,
Scharm el-Scheich,,,,,,
Irkutsk,,,,,,
Kiewer,,,,,,
Bewohner,,,,,,
Heizenergiebedarf,,,,,,
Indien,,,,,,
St…,,,,,,
LNG,,,,,,
Lustenau,,,,,,
Baltic Pipe,,,,,,
Rom,,,,,,
Corona,,,,,,
Verbraucher,,,,,,
Sachsens,,,,,,
spanischen Küste,,,,,,
Ostseepipeline Nord Stream 1,,,,,,
Niederösterreich,,,,,,
Euro-Zone,,,,,,
Großbritanniens,,,,,,
Gaspreisdeckel,,,,,,
Bundesamtes für Bevölkerungsschutz und Katastrophenhilfe,,,,,,
Bundesverwaltungsgericht,,,,,,
Bundesnetzagentur,,,,,,
Leitzins,,,,,,
Frankfurt/Main,,,,,,
F…,,,,,,
Energiepreisen,,,,,,
Oberösterreich,,,,,,
Warmwasser,,,,,,
Gaskonsum,,,,,,
Druschba-Betreiber,,,,,,
Landkreis München,,,,,,
Klimaziele,,,,,,
D…,,,,,,
Terminals,,,,,,
Eurozone,,,,,,
Ostukraine,,,,,,
Isar,,,,,,
Krisenmodus,,,,,,
Estland,,,,,,
Abu Dhabi,,,,,,
Potsdam,,,,,,
Schwarzmeerflotte,,,,,,
Getreide-Deal,,,,,,
US-Konzern,,,,,,
Bund-Länder-Gipfel,,,,,,
Rehden,,,,,,
Bund-Länder-Treffen,,,,,,
Gaspreisen,,,,,,
Österreichs,,,,,,
Wismar,,,,,,
NDR.de,,,,,,
Erdgasspeicher,,,,,,
BBK,,,,,,
Südkorea,,,,,,
Vereinigten Arabischen Emirate,,,,,,
Uniper,,,,,,
Pipeline Nord Stream 1,,,,,,
Sharm El-Sheikh,,,,,,
Druschba-Pipeline,,,,,,
Chinas,,,,,,
Online-Shop,,,,,,
Klimawandel,,,,,,
Windrädern,,,,,,
Augsburg,,,,,,
Vereinigten Arabischen Emiraten,,,,,,
Benzin,,,,,,
Rubel,,,,,,
Pariser,,,,,,
Mehrwertsteuer,,,,,,
Lidl,,,,,,
Raketen,,,,,,
Iberischen Halbinsel,,,,,,
Liz Truss,,,,,,
SZ am Morgen,,,,,,
Ifo-Instituts,,,,,,
ukrainischen Regierung,,,,,,
Belarus,,,,,,
Doha,,,,,,
Erdogan,,,,,,
Bahn-Chaos,,,,,,
Salzburg,,,,,,
Niedersachsens,,,,,,
Treibhausgasen,,,,,,
Kraft,,,,,,
Jahrzehnts,,,,,,
Engpässen,,,,,,
Gaspreise,,,,,,
Irland,,,,,,
Flüssiggas,,,,,,
Wiesbaden,,,,,,
Schleswig-Holstein,,,,,,
Ostsee-Pipelines,,,,,,
Elektroautos,,,,,,
Rhein,,,,,,
Dax-Konzern,,,,,,
Erding,,,,,,
Bayerns,,,,,,
Freising,,,,,,
Krisenzeiten,,,,,,
Pipeline Druschba,,,,,,
Stein,,,,,,
Sewastopol,,,,,,
Ludwigshafen,,,,,,
Maskenpflicht,,,,,,
Stadt Dachau,,,,,,
Stade,,,,,,
Affiliate-Links,,,,,,
Speicher,,,,,,
Volksrepublik,,,,,,
Schwerin,,,,,,
Luhansk,,,,,,
Halle,,,,,,
Abschlagszahlungen,,,,,,
Mietern,,,,,,
Kaminöfen,,,,,,
Winterthur,,,,,,
Seoul,,,,,,
Neptune,,,,,,
Energiecharta,,,,,,
Moldawien,,,,,,
Küste,,,,,,
Energieversorgers,,,,,,
Unterwasseraufnahmen,,,,,,
Linz,,,,,,
Extremwetterereignissen,,,,,,
Selenskyj,,,,,,
Dividenden,,,,,,
Republik Moldau,,,,,,
Teuerungsrate,,,,,,
Pipelines Nord Stream 1,,,,,,
Niederlanden,,,,,,
Nord Stream-Pipelines,,,,,,
Rekordzeit,,,,,,
Freiburg,,,,,,
Stockholm,,,,,,
Mexiko,,,,,,
Amt,,,,,,
Lieferengpässe,,,,,,
Methan,,,,,,
Amerika,,,,,,
Werra,,,,,,
britische Regierung,,,,,,
Gifhorn,,,,,,
Roten Meer,,,,,,
Kita-Essen,,,,,,
Schwarzen Meer,,,,,,
Campingkocher,,,,,,
Klimakrise,,,,,,
Saarland,,,,,,
Oslo,,,,,,
Gebäuden,,,,,,
Schwimmbädern,,,,,,
Statistische Bundesamt,,,,,,
Nachbarn,,,,,,
Belgorod,,,,,,
Schottland,,,,,,
Ga…,,,,,,
Kopenhagen,,,,,,
Gases,,,,,,
STERN.de,,,,,,
SPD-Chef,,,,,,
Energieversorgern,,,,,,
Deutschlands Gasspeicher,,,,,,
Japaner,,,,,,
Energiesparen,,,,,,
Solaranlagen,,,,,,
Sch…,,,,,,
Scharm al-Scheich,,,,,,
Hause,,,,,,
Bundesbürger,,,,,,
Ukraine-Liveblog,,,,,,
Hitzewellen,,,,,,
Demonstrationen,,,,,,
Heizöl,,,,,,
Hamburger Hafens,,,,,,
Inflationsrate,,,,,,
Fracking-Verbot,,,,,,
Gas-Lecks,,,,,,
Polizeiangaben,,,,,,
el-Scheich,,,,,,
LNG-Terminals,,,,,,
Lanz,,,,,,
Münchener Rück,,,,,,
Tag,,,,,,
Kindergeld,,,,,,
Lwiw,,,,,,
Nachbesserungen,,,,,,
Italiens,,,,,,
Speisekarten,,,,,,
wirtschaftsstarker,,,,,,
Rathaus,,,,,,
Kollaps,,,,,,
New York,,,,,,
Dnipro,,,,,,
Wall Street,,,,,,
Veranstalterangaben,,,,,,
Tankrabatt,,,,,,
Ã–sterreich,,,,,,
Museum,,,,,,
Rohstoffen,,,,,,
Nord-,,,,,,
Klitschko,,,,,,
Brennholz,,,,,,
Weihnachtsgeld,,,,,,
Mitteldeutschland,,,,,,
Brüsseler,,,,,,
Öfen,,,,,,
Vermietern,,,,,,
Moskaus,,,,,,
Abstandsregeln,,,,,,
Tisch,,,,,,
Baiersbronn,,,,,,
Stare,,,,,,
Kernkraftwerk Emsland,,,,,,
Energiekonzerne,,,,,,
Argentinien,,,,,,
Brand,,,,,,
Ukrainer,,,,,,
Doppelwumms,,,,,,
Wittmund,,,,,,
britischen Regierung,,,,,,
draußen,,,,,,
Ostsee-Gaspipelines,,,,,,
Ebersberg,,,,,,
Getreideabkommens,,,,,,
Aschheim,,,,,,
Chinesen,,,,,,
Grenzen,,,,,,
Bachmut,,,,,,
Steiermark,,,,,,
deutschen Küste,,,,,,
Landkreisen,,,,,,
Arbeitsplatz,,,,,,
Rheinischen Revier,,,,,,
Warnungen,,,,,,
Kammerangaben,,,,,,
Schwedt,,,,,,
A,,,,,,
Wohlbefinden,,,,,,
Brauneck-Bergbahn,,,,,,
Stromabschaltungen,,,,,,
Schwedens,,,,,,
M…,,,,,,
Landkreis Dachau,,,,,,
Nord Stream 1,,,,,,
Bedrängnis,,,,,,
Prüfstand,,,,,,
Dänemarks,,,,,,
Krisen,,,,,,
Wumms,,,,,,
Gasag,,,,,,
Finanzminister Hunt,,,,,,
Klagenfurt,,,,,,
Premierministerin,,,,,,
Mittwoch,,,,,,
Braunkohlekraftwerk Jänschwalde,,,,,,
Russland-Sanktionen,,,,,,
Finanzchaos,,,,,,
Fracking-Bann,,,,,,
Umständen,,,,,,
Wohnhaus,,,,,,
Bayreuth,,,,,,
Schwarze Meer,,,,,,
Stimmungsumfragen,,,,,,
o2,,,,,,
Kärntner,,,,,,
Verbrenner-Aus,,,,,,
Höchststand,,,,,,
Schiefergestein,,,,,,
Downing Street,,,,,,
Niedergailbach,,,,,,
Atomkraftwerken,,,,,,
Sicherheitsgründen,,,,,,
Büro,,,,,,
Lichterfelde,,,,,,
Blaupause,,,,,,
Warschau,,,,,,
Dienstagabend,,,,,,
Chemiebranche,,,,,,
Scholz,,,,,,
Lauterbach,,,,,,
Arbeitsmarkt,,,,,,
Freitagabend,,,,,,
Gaslecks,,,,,,
Sharm el Sheik,,,,,,
Aktienmarkt,,,,,,
Stoltenberg,,,,,,
Druschba,,,,,,
Pakistan,,,,,,
Wüstenstaat,,,,,,
Kanzler Scholz,,,,,,
b…,,,,,,
Alaska,,,,,,
Kerzen,,,,,,
Energiebranche,,,,,,
Energie-Krise,,,,,,
Bonner,,,,,,
Landes Berlin,,,,,,
Kurbelradio,,,,,,
Energielieferant Norwegen,,,,,,
Rathauses von Münster,,,,,,
Polizei-News,,,,,,
Präsenz,,,,,,
Glühwein,,,,,,
Gebiet Cherson,,,,,,
Koalitionspartner,,,,,,
Slowakei,,,,,,
Tankerstau,,,,,,
Wirtschaftsstabilisierungsfonds,,,,,,
Gasverbrauchs,,,,,,
Bundeswirtschaftsministerium,,,,,,
Westfälischen Friedens,,,,,,
Ifo,,,,,,
Stream-Lecks,,,,,,
Ofen,,,,,,
Marathonverhandlungen,,,,,,
Gasspeicher-Füllstand,,,,,,
VAE,,,,,,
Mailand,,,,,,
Boni,,,,,,
Kiel,,,,,,
Arbeitsmarkt-Studie,,,,,,
Rekordhöhen,,,,,,
“,,,,,,
Weser,,,,,,
Gasaustritt,,,,,,
Münchner Autobauers,,,,,,
Rechenzentren,,,,,,
Anleger,,,,,,
Süddeutschland,,,,,,
Derivaten,,,,,,
Kernkraftwerk Saporischschja,,,,,,
Waldbrände,,,,,,
Dürren,,,,,,
Leuna,,,,,,
Supermarkt,,,,,,
Sa…,,,,,,
Kliniken,,,,,,
Immobilienbesitzer,,,,,,
Marseille,,,,,,
Klimazielen,,,,,,
e…,,,,,,
Elysée-Palast,,,,,,
Kühlturm,,,,,,
runtergedreht,,,,,,
Dachau,,,,,,
Finanzkapitalistisch,,,,,,
Burgenland,,,,,,
A26,,,,,,
Vorachstraße,,,,,,
Investments,,,,,,
Alaska-Seelachs,,,,,,
Bergen,,,,,,
Dresdner,,,,,,
Nord-Stream-Gasröhren,,,,,,
Land Herr,,,,,,
WEB.DE News,,,,,,
Börsianer,,,,,,
di…,,,,,,
Midterms,,,,,,
Atomkraftwerks Emsland,,,,,,
Gilching,,,,,,
Schwimmhallen,,,,,,
Frachter,,,,,,
Gashahn,,,,,,
Raffinerien,,,,,,
CERN,,,,,,
Erdgas-Ressourcen,,,,,,
Reichweite,,,,,,
Kanzler-Machtwort,,,,,,
Harz,,,,,,
Rhein-Main,,,,,,
Westbalkan-Gipfel,,,,,,
Szenario,,,,,,
Birr,,,,,,
Drohnen,,,,,,
Afrikas,,,,,,
Strompreise,,,,,,
Discounter-Riese Aldi Nord,,,,,,
Sharm al-Sheikh,,,,,,
Tücken,,,,,,
Bern,,,,,,
polnische Regierung,,,,,,
Enpal,,,,,,
Corona-Krise,,,,,,
Land…,,,,,,
Land Brandenburg,,,,,,
Finnland,,,,,,
Potsdam-Institut,,,,,,
Gaskondensat,,,,,,
Ausweg,,,,,,
Photovoltaikanlagen,,,,,,
Kleinverbrauchern,,,,,,
Schwung,,,,,,
europäischen Küste,,,,,,
Groningen,,,,,,
Großstädten,,,,,,
Westminster,,,,,,
Privatkunden,,,,,,
Gaspreisebremse,,,,,,
Brandenburger Straße,,,,,,
Holzklau,,,,,,
Differenzen,,,,,,
Eigenheim,,,,,,
Ostseeinsel,,,,,,
Teelichtöfen,,,,,,
Niger,,,,,,
Berliner Abgeordnetenhaus,,,,,,
Scholz-Reaktion,,,,,,
Holzöfen,,,,,,
Energie-Infrastruktur,,,,,,
Norwegens,,,,,,
Tory-Partei,,,,,,
Borkum,,,,,,
Welt</li></ol,,,,,,
Lieferstopp,,,,,,
Madrid,,,,,,
Standorterhalt,,,,,,
Todesfällen,,,,,,
Spahn,,,,,,
Heizkosten,,,,,,
Windeseile,,,,,,
Forstenrieder Park,,,,,,
Vor-Corona-Niveau,,,,,,
Polens,,,,,,
Berliner Gasag,,,,,,
Meeresgrund,,,,,,
GrÃ¼ne,,,,,,
Härtefällen,,,,,,
Vorarlberger,,,,,,
Umweltbundesamt,,,,,,
Bundesfinanzminister,,,,,,
Milliardengewinne,,,,,,
Druckabfall,,,,,,
Ukraine-Konflikt,,,,,,
Landes…,,,,,,
Bundeskabinett,,,,,,
Leck,,,,,,
Dortmund,,,,,,
Landkreise,,,,,,
Steglitz-Zehlendorf,,,,,,
Beschlüsse,,,,,,
den Niederlanden,,,,,,
Steuerregeln,,,,,,
Hagen,,,,,,
Welthandel,,,,,,
arabischen Land,,,,,,
Baden-WÃ¼rttemberg,,,,,,
Reifenwechsel,,,,,,
Nürnberger,,,,,,
Bornholms,,,,,,
Krankenhäusern,,,,,,
Bündnisses,,,,,,
Nord Stream-Gaspipelines,,,,,,
Algerien,,,,,,
Donnerstag,,,,,,
Donnerstagmorgen,,,,,,
Irlands,,,,,,
Jahrtausenden,,,,,,
Geldbeutel,,,,,,
Münsing,,,,,,
BKA,,,,,,
Büttelborn,,,,,,
Landkreis Fürth,,,,,,
Portemonnaie,,,,,,
Biblis,,,,,,
Lupe,,,,,,
Guinea-Bissau,,,,,,
Mykolajiw,,,,,,
Villach,,,,,,
Bruttoinlandsprodukt,,,,,,
Atomstrom,,,,,,
Essen,,,,,,
Insel Bornholm,,,,,,
Jahren,,,,,,
Chisinau,,,,,,
Gas-Austritt,,,,,,
Statistischen Bundesamtes,,,,,,
Härtefallfonds,,,,,,
Poing,,,,,,
Berlin-Grunewald,,,,,,
Tasche,,,,,,
Nordstream-Pipelines,,,,,,
Rollfeld,,,,,,
Benziner,,,,,,
Amerikaner,,,,,,
Unsicherheiten,,,,,,
Erdgas,,,,,,
Emiraten,,,,,,
Lyman,,,,,,
Kosovo,,,,,,
Gotland,,,,,,
Speicherbetreiber,,,,,,
Singapur,,,,,,
Landkreis Freising,,,,,,
Temperaturen,,,,,,
Gebiet,,,,,,
Abo,,,,,,
br.de,,,,,,
Tablets,,,,,,
t3n.de,,,,,,
Gasleck,,,,,,
afrikanischen Staaten,,,,,,
Stadtzürcher,,,,,,
Hitze,,,,,,
Faktencheck,,,,,,
Mehrparteienhäusern,,,,,,
al-Scheich,,,,,,
Bundesverfassungsgericht,,,,,,
Importterminal für Flüssigerdgas,,,,,,
Ministerien,,,,,,
Kohlekraftwerk Jänschwalde,,,,,,
Sadio Mané,,,,,,
Energiepreis…,,,,,,
Tories,,,,,,
Karlsfelder,,,,,,
Steuerpläne,,,,,,
Unterbreizbach,,,,,,
Gesundheitsminister,,,,,,
Bregenz,,,,,,
Degerndorf,,,,,,
Quantum-Systems,,,,,,
Dortmunds,,,,,,
Ancla,,,,,,
Herbstferien,,,,,,
Neustadt bei Coburg,,,,,,
Bürgergelds,,,,,,
ul><li,,,,,,
Südostasien,,,,,,
iOS,,,,,,
Einsparpotenziale,,,,,,
Klimakonferenz COP27,,,,,,
Kabinett,,,,,,
Vorrang,,,,,,
Radiator,,,,,,
Verbraucherzentralen,,,,,,
Fahrzeug-Export,,,,,,
TotalEnergies,,,,,,
Rückstau,,,,,,
Klimawandels,,,,,,
Höchstständen,,,,,,
Appellen,,,,,,
Frankfurt/Berlin,,,,,,
Planegger Straße,,,,,,
Na…,,,,,,
russische Außenministerium,,,,,,
Scharm El-Scheich,,,,,,
Rechnungen,,,,,,
Irans,,,,,,
ArcelorMittal,,,,,,
Zerstörens,,,,,,
Postillon,,,,,,
Containerterminal Tollerort,,,,,,
Schwarzmeer-Halbinsel,,,,,,
Notfällen,,,,,,
Entspannung bei Pelletspreisen,,,,,,
Aurora Basecamp,,,,,,
Centre Marc Bloch,,,,,,
Traube Tonbach,,,,,,
Heizmethoden,,,,,,
Wilhelmshaven Flüssigerdgas,,,,,,
Wirtschaftspläne,,,,,,
Defizite,,,,,,
Hartz-IV-Sätze,,,,,,
Frankfurt am Samstagabend,,,,,,
Iraner,,,,,,
Frankfurts,,,,,,
Bundesfinanzministerium,,,,,,
Stadt Cherson,,,,,,
Rekordtief,,,,,,
Sommerquartal,,,,,,
Tötens,,,,,,
Sentix-Investmentbarometer,,,,,,
Betroffenen,,,,,,
Malaysia,,,,,,
Misstrauen der Verbraucher,,,,,,
Reduktionsziele,,,,,,
Weinviertel,,,,,,
Zuflucht,,,,,,
Nachkriegszeiten,,,,,,
Millionenhöhe,,,,,,
Wirtschaftskammer,,,,,,
Marokko,,,,,,
Gasometer,,,,,,
Dezember-Hilfe,,,,,,
Green Innovation Week,,,,,,
Intensivstationen,,,,,,
Eiscafés,,,,,,
Eisdielen,,,,,,
Kaffee,,,,,,
Stream-Leitungen,,,,,,
Pleitewelle,,,,,,
Regenwälder,,,,,,
AfD-Umfeld,,,,,,
Repsol,,,,,,
Belgrad,,,,,,
Biodiversität,,,,,,
nan nan,,,,,,
Hohenems,,,,,,
Länderkammer,,,,,,
Industrieländer,,,,,,
Hals,,,,,,
Waldbrand,,,,,,
Notsituation,,,,,,
Stadt Mailand,,,,,,
Livigno,,,,,,
Berge,,,,,,
Landeshauptstadt Düsseldorf,,,,,,
Bundesamt,,,,,,
Schuldenregeln,,,,,,
Schloss Bellevue,,,,,,
IKRK,,,,,,
Civaux,,,,,,
Transportes,,,,,,
Sabotage,,,,,,
Millionen-Subventionen,,,,,,
Energiewende,,,,,,
Rheinseitenkanal,,,,,,
hohen Strom- und Gaspreise,,,,,,
Bidirektionales Laden,,,,,,
Studierendenwerk Berlin,,,,,,
Gegenwind,,,,,,
Kolumne,,,,,,
Theater unter der Corona-Pandemie,,,,,,
LED,,,,,,
Notreserve,,,,,,
MÜNCHEN,,,,,,
Kiew Nachschub,,,,,,
Rückgang,,,,,,
Salzkammergut,,,,,,
Schlossgemächern,,,,,,
Südafrika,,,,,,
Laubenbrand,,,,,,
Berlin-Lichterfelde,,,,,,
Energiehilfen,,,,,,
Eutelsat,,,,,,
Gebiet Saporischschja,,,,,,
Grünen-Delegierten,,,,,,
Weiße Haus,,,,,,
Heizungen,,,,,,
Klima-Veränderungen,,,,,,
Krankenhaus-Schließungen,,,,,,
<em,,,,,,
Sternenhimmel,,,,,,
Bikepark,,,,,,
Kernthemen,,,,,,
Mitgliedstaaten,,,,,,
weiterverhandelt,,,,,,
Gemeinde,,,,,,
Élysée-Palast,,,,,,
Verhandlungen,,,,,,
Winterprognosen,,,,,,
russische Regierung,,,,,,
Einsatzreserve,,,,,,
Preisverhandlungen,,,,,,
Grubenunglück,,,,,,
Schäftlarn,,,,,,
Scharm el-Scheikh,,,,,,
Bayerischen Tourismustag,,,,,,
Konz…,,,,,,
Rickenbach Sulz,,,,,,
Nachschub,,,,,,
Ostsee-Pipeline,,,,,,
Rickenbach,,,,,,
Medien,,,,,,
Stadt Zürich,,,,,,
Greenpeace-Chefin,,,,,,
Grubengas,,,,,,
Ukraine-Flüchtlinge,,,,,,
US-Firma,,,,,,
deutschen Grenze,,,,,,
Gasbreisbremse,,,,,,
Litauen,,,,,,
Portugiese,,,,,,
Landeshand,,,,,,
Straubing,,,,,,
Donbass,,,,,,
Bremer,,,,,,
Luzk,,,,,,
Chemie-Beschäftigte,,,,,,
Hausapotheke,,,,,,
Brandenburger,,,,,,
Offenbach,,,,,,
Sonntagvormittag,,,,,,
CDU-Ministerpräsident Wüst,,,,,,
Schnee,,,,,,
Unternehmensangaben,,,,,,
Kenia,,,,,,
Bahnhof,,,,,,
Brasiliens,,,,,,
Tierheim,,,,,,
Barcelona,,,,,,
Südfrankreich,,,,,,
Konzerne,,,,,,
Kreta,,,,,,
Kraniche,,,,,,
Le Maire,,,,,,
Schwarzheide,,,,,,
Chemiekonzerns BASF,,,,,,
Ostsee-Pipeline Nord,,,,,,
Innenräumen,,,,,,
Atombehörden-Chef Kotin,,,,,,
Jahresviertel,,,,,,
Rosenkohl,,,,,,
Bundeslandwirtschaftsminister Özdemir,,,,,,
Wetterwoche,,,,,,
Potsdamer Museum Barberini,,,,,,
Seestraße,,,,,,
Geschäfte,,,,,,
Windkraft-Ausbau,,,,,,
Ankara,,,,,,
Auslandsreisen,,,,,,
Weihnachtskitsch,,,,,,
Biberwier,,,,,,
Starenschwärme,,,,,,
Christstollen,,,,,,
Dauer,,,,,,
Uni,,,,,,
H2Genset,,,,,,
Wasserfreunde Spandau,,,,,,
Schwimmkurse,,,,,,
Leserbriefen,,,,,,
Butscha,,,,,,
Freevee,,,,,,
Umweltverbänden,,,,,,
Weltkriegen,,,,,,
Kampfmittelräumdienst,,,,,,
Türkenfeld,,,,,,
Gasversorger Gasag,,,,,,
Gepäck,,,,,,
Pizzeria,,,,,,
Spitzbergen,,,,,,
Neubauten,,,,,,
Telegram,,,,,,
Beryslaw,,,,,,
Amt ,,,,,,
Extremszenario,,,,,,
Brüssel/Bonn,,,,,,
Sölden,,,,,,
Energieversorgung Offenbach,,,,,,
China-Dilemma,,,,,,
Gaspipeline Nord Stream 1,,,,,,
Zugausfall,,,,,,
Trümmerteile,,,,,,
Draghi,,,,,,
Verkehrsministerium,,,,,,
Metertiefe Krater,,,,,,
Bloomberg,,,,,,
Köpenick,,,,,,
Entlastungen,,,,,,
Tölzer Stadtklinik,,,,,,
Kachowka,,,,,,
Federal Reserve,,,,,,
Neuseeland,,,,,,
Ursachen,,,,,,
Klimakatastrophe,,,,,,
Gießkanne,,,,,,
Stickstoffs,,,,,,
Nazi-Zeit,,,,,,
Nutzen,,,,,,
Lohnt,,,,,,
eingestielt,,,,,,
Hessens,,,,,,
Tanne,,,,,,
Ansätzen,,,,,,
Ukraine-Update am Morgen -,,,,,,
Energie,,,,,,
Kiew/Moskau,,,,,,
Privatmenschen,,,,,,
Nünchritz,,,,,,
Rekordniveau,,,,,,
Frieden,,,,,,
Handy-Blackout,,,,,,
Pre…,,,,,,
Wahlsieger Lula,,,,,,
Bazooka,,,,,,
Genossen,,,,,,
Sorgenkind,,,,,,
Persischen Golf,,,,,,
Shanghai,,,,,,
ungarische Regierung,,,,,,
Statistischen Bundesamt,,,,,,
Baden-Württembergs Wäldern,,,,,,
Fallzahlen,,,,,,
Mönchengladbach,,,,,,
Bundesarchiv,,,,,,
Broadway,,,,,,
Qatar,,,,,,
Hohe Energiepreise,,,,,,
Flachgau,,,,,,
Wohnräumen,,,,,,
Energieeffizienz,,,,,,
Geldvermögen,,,,,,
Atom-Debatte,,,,,,
Meteorologen,,,,,,
Salzgitter,,,,,,
Israels,,,,,,
Grossbritannien,,,,,,
Christdemokraten,,,,,,
Ahrtal,,,,,,
Krane,,,,,,
Rekordzahlen,,,,,,
Nürnberg,,,,,,
Naturschutzbunds Nabu,,,,,,
Ministerpräsidenten-Treffen,,,,,,
US-Regierung,,,,,,
Statistischen Bundesamts,,,,,,
Systemrivalen,,,,,,
Mietpreisbremse,,,,,,
China-Deal,,,,,,
WÃ¤rmepumpen,,,,,,
Rheingau-Taunus-Kreis,,,,,,
Aldi Nord,,,,,,
Montagmorgen,,,,,,
Demo am Rotkreuzplatz,,,,,,
st…,,,,,,
Sozialreform,,,,,,
Merz,,,,,,
Einmalzahlungen,,,,,,
Bioziden,,,,,,
LNG-Terminal-Abwässer,,,,,,
Temelin,,,,,,
Gräfelfing,,,,,,
Grünen-Fraktion,,,,,,
Seeheimer Kreis,,,,,,
Partei,,,,,,
Palaver-Runden,,,,,,
"Peking
",,,,,,
Ampel-Fraktionen,,,,,,
Korjukiwka,,,,,,
Tromsø,,,,,,
Roten Rathaus,,,,,,
Tagebau Garzweiler,,,,,,
AKW Saporischschja,,,,,,
Kurzzeit-Premier,,,,,,
Odessa,,,,,,
Bayerisch-Schwaben,,,,,,
Fahrbahn,,,,,,
Sichuan-Becken,,,,,,
Klimaschutz-Bekenntnis,,,,,,
Einsparpotenzial,,,,,,
Grundwasser,,,,,,
Galeria-Konzern,,,,,,
Wasserstoff,,,,,,
klimapolitischen,,,,,,
Nikola,,,,,,
Münchner Lenbachhaus,,,,,,
Nachtragshaushalt,,,,,,
Flughafen,,,,,,
Bundesländer,,,,,,
Pennsylvania,,,,,,
chars,,,,,,
Abwärtstrend,,,,,,
EU-Gipfels,,,,,,
Frankfurter Bankenviertels,,,,,,
si…,,,,,,
Knappes Flüssigerdgas,,,,,,
Neuperlach,,,,,,
Ukraine-Überblick,,,,,,
Expertenrates für Klimafragen,,,,,,
Klimaabkommens,,,,,,
Cookies,,,,,,
Drittanbietern,,,,,,
Deutscjland,,,,,,
Tesla,,,,,,
Stichtag 31,,,,,,
Einschränkungen,,,,,,
Unterhaus,,,,,,
BALI,,,,,,
Vierbeiner,,,,,,
Mengen,,,,,,
Zürs,,,,,,
Güstrow,,,,,,
Laute Bässe,,,,,,
Biberach,,,,,,
St,,,,,,
Versorgern,,,,,,
Neukundenstopp,,,,,,
Kriegspartei,,,,,,
Klimas,,,,,,
Berg,,,,,,
La Rioja,,,,,,
Gaspreis-Kommission,,,,,,
Schutt und Asche,,,,,,
Kampagne,,,,,,
Kraftwerke,,,,,,
Stadtwerken,,,,,,
Hilfsfonds,,,,,,
Franzosen,,,,,,
Kreis 5,,,,,,
Reede,,,,,,
Strom-Ladesäulen,,,,,,
Rat,,,,,,
Soforthilfefonds,,,,,,
Organisationskomitee,,,,,,
Selenski,,,,,,
Braunschweigs,,,,,,
Simmering,,,,,,
Wowtschansk,,,,,,
Einsparungen,,,,,,
Abwasser,,,,,,
F.A.Z.-Hauptwache,,,,,,
Périers,,,,,,
Landtag Mecklenburg-Vorpommerns,,,,,,
Lula,,,,,,
Schwerte,,,,,,
Umweltgesetzen,,,,,,
Bolsonaro,,,,,,
Venezuela,,,,,,
deutschen Staat,,,,,,
LÃ¼tzerath,,,,,,
Behördenangaben,,,,,,
Kernkraftwerks Isar 2,,,,,,
Reaktors,,,,,,
Hauptplatz,,,,,,
Naturkostläden,,,,,,
Reformhäuser,,,,,,
Notbremse,,,,,,
Branchenriese Sixt,,,,,,
Ost-,,,,,,
Kaliningrad,,,,,,
BILD-Talk,,,,,,
Dezember-Abschlagszahlungen,,,,,,
E-Antrieb,,,,,,
Bußprediger,,,,,,
Kremls,,,,,,
Durchschnittshaushalt,,,,,,
Klima-Chaoten,,,,,,
ei…,,,,,,
Hubertus,,,,,,
Rentenerhöhungen,,,,,,
hohen Strom- und Gaspreisen,,,,,,
Start-up Enerkite,,,,,,
Heizungsalternativen,,,,,,
Pipeline,,,,,,
Gleisdorf,,,,,,
Ware,,,,,,
Freistaat,,,,,,
Energiegeld,,,,,,
Klimaprotest,,,,,,
Milliarden-Entlastungen,,,,,,
Tiwi-Inseln,,,,,,
Santos,,,,,,
Verbräuche,,,,,,
Oberkappel,,,,,,
Charkiws,,,,,,
Hafenkonzerns,,,,,,
Kruse-Lösung,,,,,,
Stromnetzes,,,,,,
Wolfsburgs,,,,,,
Braunkohle-Kraftwerksblöcke,,,,,,
Gasdruck,,,,,,
Haidach,,,,,,
Penta West,,,,,,
Öl-,,,,,,
lieÃŸen,,,,,,
Thailand,,,,,,
deutsch-österreichischen Grenze,,,,,,
Nordstream-Sabotage,,,,,,
Kassel,,,,,,
Pellets,,,,,,
Rathäuser,,,,,,
Bundesbürgerinnen,,,,,,
Gewerbesteuer,,,,,,
Rohstoffstaat Russland,,,,,,
Saltiwka,,,,,,
Thermo-Unterwäsche,,,,,,
Archangelsk,,,,,,
Kostendruck,,,,,,
Bosnien und Herzegowina,,,,,,
Montagabend,,,,,,
Bernburg,,,,,,
Halberstadt,,,,,,
Bochum,,,,,,
Bundesliga-Duell,,,,,,
Ebersberger,,,,,,
Wolf-Ferrari-Haus,,,,,,
Aschersleben,,,,,,
Faktor,,,,,,
Doppel-Wumms,,,,,,
Landkreises Starnberg,,,,,,
Skihänge,,,,,,
Konsequenzen,,,,,,
Moskauer,,,,,,
beschneien,,,,,,
Toronto,,,,,,
Justizbehörden,,,,,,
Urlaubsinsel Bali,,,,,,
Friedensnobelpreises,,,,,,
Freistaat Bayern,,,,,,
Medizinische Hilfswerk Selbsthilfe-Kurse,,,,,,
Not,,,,,,
Widersprüchen,,,,,,
Mecklenburgischen Seenplatte,,,,,,
Nord-Stream-Explosionen,,,,,,
Weimar,,,,,,
Hamburgs,,,,,,
Zahlungen,,,,,,
Tür,,,,,,
Partnerstaaten,,,,,,
Münsterland,,,,,,
Landkreis Erding Notfallpläne,,,,,,
Probe-Abo,,,,,,
Kultusministerien,,,,,,
Grünen-Politikerin,,,,,,
Saalekreis,,,,,,
dam…,,,,,,
Strommarkt,,,,,,
Chemiekonzerne,,,,,,
Chemieindustrie,,,,,,
Milliarden-Ruine,,,,,,
Kriwyj Rih,,,,,,
Flüssiggas-Terminal,,,,,,
Lebensmittelpreise,,,,,,
Podium Platz,,,,,,
Sandhausen,,,,,,
Ölpreis,,,,,,
Gashahn zudreht,,,,,,
Deutsch…,,,,,,
EU-Ebene,,,,,,
Provinz Henan,,,,,,
Anyang,,,,,,
EU-Grenzen,,,,,,
Sabotage-Verdacht,,,,,,
Lieferkürzungen,,,,,,
Bezirks Oberbayern,,,,,,
Landes für Kitas,,,,,,
Prager Burg,,,,,,
Schloss Meseberg,,,,,,
Klimawandel-Studie,,,,,,
Gasmarkt in Europa,,,,,,
Friedensnobelpreis,,,,,,
Workouts,,,,,,
Fürth,,,,,,
Waffen-Konzernen,,,,,,
Rekordniveaus,,,,,,
Giesinger Autobahn,,,,,,
Rentner,,,,,,
Wustermark,,,,,,
TikTok,,,,,,
Ebersberger Forst,,,,,,
Fulda,,,,,,
Energie-Entlastungen,,,,,,
Alpenhauptkammes,,,,,,
Rumänien,,,,,,
Schleswig-Holsteins,,,,,,
Grimsel,,,,,,
Landtagsdebatte,,,,,,
Sparmaßnahmen,,,,,,
Handlungsbedarf,,,,,,
Tessin,,,,,,
Landkreis München -,,,,,,
BQ.1.1,,,,,,
Gefahr,,,,,,
Extremfall,,,,,,
Brandenburg an der Havel,,,,,,
Rekordinflation,,,,,,
Demos,,,,,,
Gegner,,,,,,
Gases für Deutschland,,,,,,
Steckdose,,,,,,
Sparkassenverbands Baden-Württemberg,,,,,,
Kreises,,,,,,
Elstal,,,,,,
Bärenpark,,,,,,
Luxushotel,,,,,,
Bundeskriminalamt,,,,,,
Weißrussland,,,,,,
Windkraftanlagen,,,,,,
EU-Kommissionschefin,,,,,,
Golf von Oman,,,,,,
Duisburger,,,,,,
Fassaden,,,,,,
Werbeanlagen,,,,,,
Neubaur,,,,,,
Humboldt-Uni,,,,,,
Notstromdiesel,,,,,,
Mitarbeiterbedarf,,,,,,
Börsenstars,,,,,,
Lebensmitteln,,,,,,
Wochenausklang,,,,,,
Stromkonzerne,,,,,,
Gas-Leitung Midcat,,,,,,
Gaspipelines Nord Stream 1,,,,,,
Rathäusern,,,,,,
Gas,,,,,,
Bezirk Pankow,,,,,,
Remscheid,,,,,,
Turnhallen,,,,,,
dänischen Regierung,,,,,,
Gesamtspeicherstand,,,,,,
Pinochet-Ära,,,,,,
Pankow,,,,,,
Südschwarzwald,,,,,,
Donnerstagabend,,,,,,
Besorgniserregend,,,,,,
Wattenmeer,,,,,,
Energiepreise,,,,,,
Versorger Abzocke,,,,,,
Schuldneratlas,,,,,,
Oberstdorf,,,,,,
Ölkartell,,,,,,
Ukraine-Pipelines,,,,,,
Vierschanzen-Tournee,,,,,,
Kalifornien,,,,,,
Notfallfonds,,,,,,
Urlaub,,,,,,
Astana,,,,,,
CDU-Chef,,,,,,
Wolfratshausen,,,,,,
bald-Mama,,,,,,
Garmisch,,,,,,
niedersächsischen Landtag,,,,,,
Kubicki,,,,,,
Dunkeln,,,,,,
Regularien,,,,,,
Block 1,,,,,,
Rezession,,,,,,
Stromspeicher,,,,,,
Smartphones,,,,,,
Irsee,,,,,,
Lampe,,,,,,
Schubladen,,,,,,
Bundeshaushalt,,,,,,
Hungerproblem,,,,,,
Allgäuer,,,,,,
Biozide,,,,,,
Energiepauschale,,,,,,
Alexandroupoli,,,,,,
Ölpipeline,,,,,,
Gasumlage,,,,,,
Hallenbad,,,,,,
Deutsche-Bank-Chef Sewing,,,,,,
Maschinenbau-Gipfel,,,,,,
Wintershall-Chef,,,,,,
Luft,,,,,,
Kroatien,,,,,,
Deloitte,,,,,,
Unterföhring,,,,,,
Prager,,,,,,
Museum für Hamburgische Geschichte,,,,,,
Arosa,,,,,,
Reservekohlekraftwerken,,,,,,
Nord-Länder,,,,,,
Grünen-Gemüter,,,,,,
Chemieriese BASF,,,,,,
Konzerns,,,,,,
Nordrhein-Westfalens,,,,,,
Winterberg,,,,,,
Nachbarländer,,,,,,
Horror-Welt,,,,,,
Löcher,,,,,,
Icking,,,,,,
Schrebergärten,,,,,,
Flutkatastrophe,,,,,,
UmweltschÃ¼tzer,,,,,,
Herne,,,,,,
Inflationsrekord,,,,,,
Nordend,,,,,,
Berlin/Scharm el Scheich,,,,,,
Knopf,,,,,,
Satire-Accounts,,,,,,
Felm,,,,,,
Tietz,,,,,,
Lieblingsmemes,,,,,,
Flutkatastrophe im,,,,,,
Kiew Stromausfälle geh,,,,,,
NRW-Regierungschef Wüst,,,,,,
Staatlichen Amt für Landwirtschaft und Umwelt,,,,,,
Statistische B…,,,,,,
WM-Besuch,,,,,,
Ölembargo,,,,,,
LaPosch,,,,,,
Bundeswirtschaftsministeriums auf…,,,,,,
Terroranschlags,,,,,,
Atomwaffeneinsatz,,,,,,
St. Augustin,,,,,,
mus…,,,,,,
Ukraine-Krieges,,,,,,
Reinbek,,,,,,
Zustan…,,,,,,
Hochschul-Humor,,,,,,
Ti…,,,,,,
Baden-Württemberg…,,,,,,
Statistische Landesamt,,,,,,
Bahnhof Stettbach,,,,,,
Usedom,,,,,,
Wilhelmshavener LNG-Terminal,,,,,,
Englschalking,,,,,,
Photovoltaik,,,,,,
Gasspeicherbetreibern,,,,,,
Kohlenmonoxid-Leck,,,,,,
Gewahrsam,,,,,,
Biogas,,,,,,
Hilfefonds,,,,,,
Pellets-Hilfen,,,,,,
Spanien los,,,,,,
Geschichtsbücher,,,,,,
Rügen,,,,,,
Neues Terminal,,,,,,
Peloponnes,,,,,,
Kataloniens,,,,,,
Gazprom-Verbandelungen,,,,,,
Sibirien,,,,,,
Senatskanzlei,,,,,,
Bezirksamt Charlottenburg-Wilmersdorf,,,,,,
Klimaschutz-Sofortprogramm,,,,,,
Bundesumweltminister,,,,,,
Transnistrien,,,,,,
Spartenkanal Cosmo,,,,,,
Streichliste,,,,,,
Cherson aus</li><li,,,,,,
BBK-Chef,,,,,,
Raketentreffer,,,,,,
angesic…,,,,,,
Mittelstandes,,,,,,
Frankfurt-Sachsenhausen,,,,,,
Kreditnehmer,,,,,,
Zinsschraube,,,,,,
US-Parlamentarier,,,,,,
Wettbewerbsregeln,,,,,,
Statistische Bundesamt am Freitag,,,,,,
Ista-Umfrage,,,,,,
Gas-Entzug,,,,,,
Rekorddividenden,,,,,,
EuGH-Fall,,,,,,
Erfurt/Berlin,,,,,,
Neue Geschäftsfreunde,,,,,,
Veltins,,,,,,
Encrochat-Hack,,,,,,
Speaker-Coach,,,,,,
Tesla-Produktion,,,,,,
Frankfurter Paar,,,,,,
Wiens,,,,,,
Biden,,,,,,
US-,,,,,,
Islamabad,,,,,,
Uniper-Chef,,,,,,
Verbrauch,,,,,,
Wohnzimmer,,,,,,
Kanzleramts,,,,,,
Obergericht,,,,,,
Statistischen Bundesamt …,,,,,,
Kiew Foto,,,,,,
Pullover,,,,,,
Insel Borkum,,,,,,
Tokio,,,,,,
Köln,,,,,,
Scholz-Visite,,,,,,
Energiemangel,,,,,,
Haushaltsausschusses,,,,,,
Eckpunkte-Papier,,,,,,
global,,,,,,
Flüssigerdgas-Anleger,,,,,,
Aargauer,,,,,,
Scholz-Reise,,,,,,
Mi­nist…,,,,,,
SVR,,,,,,
Juristen,,,,,,
Getreide-Transporten,,,,,,
Nuklear-Experten,,,,,,
Vorquartal,,,,,,
Vlulel,,,,,,
Ble,,,,,,
Islamische Republik Iran,,,,,,
Hoegh-Esperanza,,,,,,
WELT,,,,,,
China3,,,,,,
Gasbohrungen,,,,,,
Samarkand,,,,,,
Lausitz,,,,,,
Wärmerekord,,,,,,
Illner,,,,,,
Czechowice-Dziedzice,,,,,,
Kohlehändlern,,,,,,
Verbrauchs,,,,,,
weitgrauen Himmel,,,,,,
Basi…,,,,,,
Baumgarten,,,,,,
Österr…,,,,,,
US-Inflationsdaten,,,,,,
Abhilfe,,,,,,
Landes Oberösterreich,,,,,,
Staus,,,,,,
St. Petersburg,,,,,,
Flüssigerdgas-Terminal,,,,,,
Bahnhof von Chiinu,,,,,,
Anzeigetafel,,,,,,
Putins Hinterhof,,,,,,
cog,,,,,,
Axpo,,,,,,
Kernkraftwerk Beznau,,,,,,
Borkum Gas,,,,,,
nan Rivva,,,,,,
Ü…,,,,,,
Tierschutzverein St. Pölten,,,,,,
EU-Beschluss,,,,,,
ZDF-Talk,,,,,,
plp tb Blueeul Oekl Pelelnuapeutleaeu lu plepeO Iekl,,,,,,
Kiewer Bürger,,,,,,
Wirtschaftsmodells Deutschland,,,,,,
Landesarmutskonferenz,,,,,,
riesigen Land,,,,,,
Unterstützer,,,,,,
Landesre…,,,,,,
Der Schweiz,,,,,,
BASF-Chef,,,,,,
Nitratsalzen,,,,,,
U.S.,,,,,,
Brandenburger Landtag,,,,,,
Nairobi,,,,,,
Parl…,,,,,,
Guangdong,,,,,,
Magengrube,,,,,,
Mahnungen,,,,,,
Plenum,,,,,,
Strombereich,,,,,,
Kanzleramt,,,,,,
Ba…,,,,,,
Pipelineprojekte,,,,,,
Bank-Austria-Konjunkturindikator,,,,,,
Ölbeda…,,,,,,
Abzocke bei Gas,,,,,,
Extra-Duschtarif,,,,,,
Herner,,,,,,
Schottland da,,,,,,
Stream-Pipelines,,,,,,
krisenanfälliger,,,,,,
Ölindustrie,,,,,,
Billionenhöhe,,,,,,
Universität Innsbruck,,,,,,
Online-Vorlesungen,,,,,,
Erdwärme GmbH Grünwald,,,,,,
Grengiols,,,,,,
UnterbringungGeflüchteter,,,,,,
10-Prozent-Marke,,,,,,
Nachrichten-Coup,,,,,,
Atommüll-Endlager,,,,,,
Nachwuchs,,,,,,
Wandler,,,,,,
Entenhausen,,,,,,
Republik,,,,,,
Neuss,,,,,,
Staatskonzerns,,,,,,
Energieriesen,,,,,,
Ostseegaspipeline Nord Stream 2,,,,,,
Frackingverbot,,,,,,
Holzwickede,,,,,,
Wasserstoff-Brennwertkessel,,,,,,
Hallenbäder,,,,,,
Erdwärme Grünwald,,,,,,
Mindestlohn,,,,,,
Inflation,,,,,,
Erneuerbaren-Branche,,,,,,
Treibhausgas CO2,,,,,,
Kraftwerks Emsland,,,,,,
Handlungsdruck,,,,,,
Mehrfamilienhaus,,,,,,
Bundeskanzleramtes,,,,,,
St. Helena,,,,,,
Bel ple,,,,,,
Nellaelpl,,,,,,
Bel Floplel,,,,,,
Neue Skisaison,,,,,,
Silikon,,,,,,
Masturbationsmaschinen,,,,,,
Nord Stream-Leck,,,,,,
Satellitenbetreiber Eutelsat,,,,,,
Führungspersonal,,,,,,
Kostentreiber,,,,,,
Perwy kanal,,,,,,
Perwy,,,,,,
Falklandinseln,,,,,,
Vietnam,,,,,,
Militärausgaben,,,,,,
Lieferketten-Vorgaben,,,,,,
Kaimaninseln,,,,,,
Bermuda,,,,,,
US-Atomwaffen,,,,,,
Nahrungsmitteln,,,,,,
Lieferung von Haubitzen,,,,,,
Khalifa International,,,,,,
Ostukraine</li><li,,,,,,
Garching,,,,,,
Energiepreisbremse,,,,,,
Spätsommerliche Temperaturen,,,,,,
Dschungeltier,,,,,,
Emissionshandel,,,,,,
Medikamenten,,,,,,
Energie-Beratungsbedarf,,,,,,
Tiercoach,,,,,,
Stresssituationen,,,,,,
Verbraucherzentrale,,,,,,
Oberwallis,,,,,,
m…,,,,,,
Klaus.Brinkbaeumer@extern.tagesspiegel.de,,,,,,
Ravenna,,,,,,
Erfurt,,,,,,
Wild-West-Stimmung,,,,,,
Mariazell,,,,,,
Bürgermeisterbüro,,,,,,
Leuchttürme,,,,,,
Haarer Rathaus,,,,,,
Heinz-Glas,,,,,,
Brasilianer,,,,,,
Ã–l,,,,,,
Flakon-Produzent,,,,,,
FÃ¶rdermethode Fracking,,,,,,
Benediktbeuern,,,,,,
Brustkrebs-Medikament,,,,,,
Dublin,,,,,,
Parfum-Trends,,,,,,
Seepferdchen,,,,,,
Golfstaat,,,,,,
Satelliten-Firma,,,,,,
Rossiya-1,,,,,,
Hafen Sewastopol,,,,,,
T-Shirt,,,,,,
Bülow,,,,,,
Drohnenangriff,,,,,,
Nord-Stream-Pipeline,,,,,,
Autohändler,,,,,,
Gazprom-Enteignung,,,,,,
Gas-Importeur,,,,,,
Gasspeichers,,,,,,
LaufzeitverlÃ¤ngerung,,,,,,
Corona-Winter,,,,,,
Harrods,,,,,,
Klimaschutz-Ranking,,,,,,
Kita-Pflicht,,,,,,
Berkeley Square,,,,,,
El-Scheich,,,,,,
Pisa,,,,,,
Bundesanzeiger,,,,,,
Schuldenberg,,,,,,
Rathausplatz heuer,,,,,,
Vorarlberg Museum,,,,,,
Wiener Rathausplatz,,,,,,
Schweriner,,,,,,
Landestheater,,,,,,
Brandenburgs Wäldern,,,,,,
Christkindlmarkt auf…,,,,,,
Axt,,,,,,
Säge,,,,,,
Dienstag vo,,,,,,
Luftalarmsirenen,,,,,,
Washingtons,,,,,,
könnenNach,,,,,,
Hitze-Herbst,,,,,,
Verg…,,,,,,
Sektorziele,,,,,,
Nord-Stream-Anschläge,,,,,,
Lindström,,,,,,
Barça,,,,,,
Ha…,,,,,,
Betriebsdauer,,,,,,
Elfer-Skandal,,,,,,
Frankfurt-Wut,,,,,,
Selbstfindungstrip,,,,,,
Getreide-Abkommen,,,,,,
Grundwasserstände,,,,,,
Verstappen,,,,,,
Ppel ple,,,,,,
kWh,,,,,,
Kilowattstunden,,,,,,
Obst,,,,,,
US-Kongresswahlen,,,,,,
Durchschnittlicher Gasverbrauch Einfamilienhaus,,,,,,
Portal Futbol Total,,,,,,
Polarlicht-Jäger,,,,,,
Flüssiggas-Tankern,,,,,,
Reykjavík,,,,,,
Elektroheizungen,,,,,,
Landebahn,,,,,,
Mariazeller,,,,,,
Norweger,,,,,,
liberalkonservativen Regierung,,,,,,
Kürze los,,,,,,
Gas-Hilfe,,,,,,
Ex-Sowjetrepublik,,,,,,
Darmstadt,,,,,,
Existenzangst,,,,,,
prowestliche Republik Moldau,,,,,,
Wintermonaten,,,,,,
Kreml-Linie,,,,,,
Gesprächen,,,,,,
Brötchen,,,,,,
Kreis Groß-Gerau,,,,,,
Waschlappen,,,,,,
Bauschutt,,,,,,
Massenpanik,,,,,,
Beliebtheitsskala,,,,,,
Vermögenssteuer,,,,,,
Steuer,,,,,,
bewummst,,,,,,
Wenn Deutschland,,,,,,
Hohen Haus,,,,,,
Mirja Fiedler.</em>,,,,,,
Pelletspreis,,,,,,
Gaspreissteigerungen bergen,,,,,,
Provider,,,,,,
Vodafone,,,,,,
Krux,,,,,,
Fracking-Gas,,,,,,
Corona-Hochphase,,,,,,
Esoterikern,,,,,,
Rekord-Füllstände,,,,,,
Opec,,,,,,
Ölaktien,,,,,,
Notstrom,,,,,,
Sonder-Einheiten,,,,,,
Ihrem Land,,,,,,
Konzernen,,,,,,
Kaminen,,,,,,
Ola…,,,,,,
Weltcup-Winter,,,,,,
Wäldern,,,,,,
Scheinheilige Empörung,,,,,,
Strategiewechsel,,,,,,
Limmatplatzes,,,,,,
Bundeswirtschaftsminister,,,,,,
IfW-Präsident,,,,,,
Laa an der Thaya,,,,,,
Bezirk Mistelbach,,,,,,
Politiker*innen,,,,,,
Hauptbahnhof Zürich,,,,,,
el Scheich,,,,,,
Migros-Filiale,,,,,,
Bruttoinlandsprodukt…,,,,,,
Brüsseler Behörde,,,,,,
Jade,,,,,,
Deutschlands Küste,,,,,,
Abwärme-Management,,,,,,
Mietskasernen,,,,,,
hei…,,,,,,
Europa-Park,,,,,,
Erdgas-Bohrungen,,,,,,
Massenproteste,,,,,,
Pantone-Farben,,,,,,
Bierglas,,,,,,
Pipeline-Leck,,,,,,
Krankengeld,,,,,,
Umgang Russlands,,,,,,
Küchenschublade,,,,,,
Rennen,,,,,,
Land versöh…,,,,,,
Brest,,,,,,
Absturz,,,,,,
Bad Tölz,,,,,,
Stadtarchiv Bad Tölz,,,,,,
Ladenhüter,,,,,,
Schweigen,,,,,,
Bagger,,,,,,
Asien-Pazifik-Konferenz,,,,,,
Kohletagebau Garzweiler,,,,,,
Staatlichen Notdienstes,,,,,,
Marina Bay Sands i…,,,,,,
):,,,,,,
Halloween-Feiern,,,,,,
Stellungen,,,,,,
Energie-Hilfen,,,,,,
Berndorf,,,,,,
Europa-ParkDeutschlands,,,,,,
Offshore-Ölfeld,,,,,,
Energie Steiermark,,,,,,
Kohle,,,,,,
Schleswig-Holsteins Küste,,,,,,
Wattenmeers,,,,,,
Schwimmendes LNG-Terminal,,,,,,
Ökoenergieverband,,,,,,
Lagerhallen,,,,,,
Widodo,,,,,,
Indonesiens,,,,,,
Industriegütern,,,,,,
Japans,,,,,,
Bhutans,,,,,,
Pillenbox,,,,,,
Linzer Innenstadt,,,,,,
Ampel-Politikern,,,,,,
Lindners Vorstoß,,,,,,
Pattex am Porsche,,,,,,
Si…,,,,,,
Energiekrisen-Winter,,,,,,
Pulsoxymeter,,,,,,
Hessinnen,,,,,,
Schneemobile,,,,,,
Blutsauerstoffgehalts,,,,,,
Dikson,,,,,,
Zentralasiens,,,,,,
Oberg…,,,,,,
Gaertner,,,,,,
ExxonMobil,,,,,,
Exeter,,,,,,
Twitter-Chaos,,,,,,
Hohn,,,,,,
Tölzer,,,,,,
Umgang,,,,,,
Eb…,,,,,,
Newsblog,,,,,,
Hoymiles-Wechselrichtern,,,,,,
Transferfenster,,,,,,
al-Schaich,,,,,,
Gesundheitssy…,,,,,,
Covid-Dashboard,,,,,,
Krankenhäusern d…,,,,,,
Rekordbilanz,,,,,,
Ausrüstung-Set,,,,,,
Windows-Attacken,,,,,,
Asowsche Meer,,,,,,
Flugzeug-Verluste,,,,,,
Saporischja,,,,,,
App-Modernisierungsansätze,,,,,,
Abkommens,,,,,,
Celsius w…,,,,,,
Klimaschutzpläne,,,,,,
Kohlekraftwerken,,,,,,
ARD/,,,,,,
Regierung Reiche,,,,,,
Auswärtigen Amtin,,,,,,
Energie-Milliarden,,,,,,
Poinger Schul…,,,,,,
Saporischsc…,,,,,,
F.A.Z.-Interview,,,,,,
Skigebiete,,,,,,
Spitzenidee,,,,,,
Börsenpreis,,,,,,
Schadenersatz,,,,,,
Tourismusbranche,,,,,,
Gespräche,,,,,,
Getreideexportabkommens,,,,,,
Süd,,,,,,
zugerast,,,,,,
Top-10,,,,,,
Abschlag,,,,,,
moldauischen Hauptstadt,,,,,,
Gebrauchtautos,,,,,,
Parkowka-Straße,,,,,,
Verbandes,,,,,,
Mega-Druck,,,,,,
Holidu,,,,,,
Sentix-Umfrage,,,,,,
Energienot,,,,,,
nel,,,,,,
Billig-Strom,,,,,,
Spagat,,,,,,
Silicon Valley,,,,,,
Klimaclub,,,,,,
Sparziele,,,,,,
Karrierecoach,,,,,,
Minister,,,,,,
Meinungsforschungsinstituts Insa,,,,,,
Zauberhand,,,,,,
Gasrabatt,,,,,,
Realeinkommen,,,,,,
Raketenterror,,,,,,
Kyndryl,,,,,,
IBM-Spin-off,,,,,,
Normalkunden,,,,,,
Insigne,,,,,,
Qatars,,,,,,
Kachowka-Staudamm,,,,,,
Mützenich,,,,,,
Gasgeruch,,,,,,
Germering,,,,,,
Nlet,,,,,,
Knie-Sorgen,,,,,,
Rekordtempo,,,,,,
Fohlen-Pleite,,,,,,
Ticker-Nachlese,,,,,,
Kaltes Wochenende,,,,,,
Profitboom,,,,,,
VfL-Oldies,,,,,,
Befreiender…,,,,,,
Industrieverband,,,,,,
Grundlast,,,,,,
Besetzer,,,,,,
Sinai-Halbinsel,,,,,,
UniCredit,,,,,,
Menschenrechten,,,,,,
Marmo…,,,,,,
Schmaler Grat,,,,,,
Bodenschätze,,,,,,
Lebensgr…,,,,,,
Überflutungen,,,,,,
Sharm El,,,,,,
Anmarsch,,,,,,
Ersatzstaumauer,,,,,,
UN-Klimagipfel COP26,,,,,,
COP27,,,,,,
Plauen,,,,,,
Bel elueu petppl lelekl,,,,,,
Wertstoffe,,,,,,
Großeinsatz,,,,,,
ntv-Meteoro…,,,,,,
Kreis Göppingen,,,,,,
gewe…,,,,,,
Flüssen,,,,,,
Grüntal,,,,,,
BEIJING,,,,,,
Covid,,,,,,
Gastronom,,,,,,
Co.,,,,,,
Coburg,,,,,,
Nordirland,,,,,,
"New York Times""-Bericht",,,,,,
Knast,,,,,,
Lushan,,,,,,
Querdenker-Chef,,,,,,
Schloss Elmau,,,,,,
Corona-Proteste,,,,,,
Triebener,,,,,,
Trieben,,,,,,
Paderborn,,,,,,
Paderborner,,,,,,
Professoren-Aufstand,,,,,,
Reuters,,,,,,
Erdgas-Hilfe,,,,,,
Gigafactory,,,,,,
Grünheide,,,,,,
Tesla-Fabrik,,,,,,
Bidens,,,,,,
Kopalino,,,,,,
Lubiatowo,,,,,,
Gaggenau,,,,,,
Scharm el-Scheich.</li><li,,,,,,
Euro-Länder,,,,,,
Wirtschaftsweisen,,,,,,
Sonntag am Roten Meer,,,,,,
Telefon-Aktion,,,,,,
Spandau,,,,,,
Stammfiliale,,,,,,
Laden am Rathaus,,,,,,
Lörrach,,,,,,
AKW Civaux,,,,,,
Russen-Ministerium,,,,,,
"Kürze
",,,,,,
Celsius,,,,,,
Wahltag,,,,,,
Vorjahres,,,,,,
Weißen Haus,,,,,,
Todtnau,,,,,,
Kreis … Skifahrerinnen,,,,,,
Aktivismus,,,,,,
Paket Butter,,,,,,
Eigenheim in Gefahr,,,,,,
Gasspeicher Deutschlands,,,,,,
Trafalgar Square,,,,,,
Skifahrer,,,,,,
Schlieren,,,,,,
Oligarchen,,,,,,
Spitzenköche,,,,,,
Quantencomputing,,,,,,
Biomasse,,,,,,
mitt…,,,,,,
Hybris,,,,,,
Sharm-el-Sheik,,,,,,
SPD-Politiker,,,,,,
Legisla…,,,,,,
Mattle,,,,,,
Goretzka,,,,,,
UN-Klimagipfel,,,,,,
Grazer,,,,,,
Stromnetze,,,,,,
Arbeitsplatzrisiko,,,,,,
Griechenlands,,,,,,
Mailänder Event,,,,,,
Fremdkörpern,,,,,,
bai,,,,,,
Check-Pflicht,,,,,,
Mailänder Langlauf-Event,,,,,,
Heim-Weltmeisterschaften,,,,,,
Zeitnot,,,,,,
Pelletheizung,,,,,,
Pelletofen,,,,,,
Euro-Schuldenregeln,,,,,,
Vor-Ort-Besuche,,,,,,
Kapitalregeln,,,,,,
Bundesinstitut für Bevölkerungsforschung,,,,,,
Aqara,,,,,,
Bundesbank-Präsident,,,,,,
Spielpause,,,,,,
Till Bücker.</em,,,,,,
Mond,,,,,,
Großmarkt,,,,,,
Atomkraftwerks Civaux,,,,,,
MünchenDie Szenarien,,,,,,
Kraftwerk Civaux,,,,,,
Preisdeckels,,,,,,
Deutschlan…,,,,,,
Pulheim,,,,,,
Kerstan,,,,,,
Ausfälle,,,,,,
Wetterau,,,,,,
Wirtschaftsplan,,,,,,
Pfizer,,,,,,
Danzig,,,,,,
Strom-Stresstest,,,,,,
Metaller,,,,,,
Reichwei…,,,,,,
Düsseldorf/Bonn,,,,,,
Bürger-Frage,,,,,,
Bloomberg Finance LP,,,,,,
Westeuropas,,,,,,
Firmenübernahmen,,,,,,
Russland-Ukraine-News,,,,,,
China-Geschäft,,,,,,
Pepsi,,,,,,
Coca-Cola,,,,,,
Elmos,,,,,,
Krankenhäuser,,,,,,
Kärntens,,,,,,
Privatinsolvenzen,,,,,,
Nassfeld,,,,,,
Bluetooth,,,,,,
Turracher Höhe,,,,,,
Katschberg,,,,,,
Scharm el Sche…,,,,,,
Balama,,,,,,
Ludwigsburger,,,,,,
Weltklimagipfel,,,,,,
Cabo Delgado,,,,,,
Installateuren,,,,,,
Microsofts,,,,,,
Land Schleswig-Holstein,,,,,,
Leichtbauhallen,,,,,,
Soforthilfen,,,,,,
Energie Burgenland,,,,,,
ZDF-Doku,,,,,,
Skandal-Interview,,,,,,
Land Salzburg,,,,,,
GUANGZHOU,,,,,,
Druc…,,,,,,
Kreis,,,,,,
Nachbar-Dach,,,,,,
Waldviertel,,,,,,
Niedersächsischer Landtag,,,,,,
niedersächsische Landtag,,,,,,
Hannover für de…,,,,,,
Personallücke …,,,,,,
Kreise,,,,,,
Brownout,,,,,,
verg…,,,,,,
Evakuierung,,,,,,
Niedersachen,,,,,,
England,,,,,,
Zahlungsverkehrs,,,,,,
Preissignale,,,,,,
Flutwelle,,,,,,
Berliner Stromnetzes,,,,,,
Insel,,,,,,
Ja…,,,,,,
Blockaden,,,,,,
Greece,,,,,,
Ungarns,,,,,,
Cashpoint-Arena,,,,,,
Sportstätten,,,,,,
Gaspreis-Unterschiede,,,,,,
Nettoumsatz,,,,,,
Kampfansage an den Diesel,,,,,,
Teherans,,,,,,
Bahnstraße,,,,,,
CO2-Auss…,,,,,,
Gas-Heizungen,,,,,,
Kassettenbomben,,,,,,
Stromautobahn,,,,,,
Kontraste</em>-Recherchen,,,,,,
Planungsdaten,,,,,,
Hofheim,,,,,,
Jänschwalde,,,,,,
Frankfurt-Rhein-Main,,,,,,
LNG-Boom,,,,,,
Gas-Pläne,,,,,,
Smart-Thermostate,,,,,,
Trümmerfeld,,,,,,
Den Haag,,,,,,
Energiekonzern Uniper,,,,,,
Hürth,,,,,,
Baerbock-Klartext,,,,,,
Kräften,,,,,,
Sachsen-Anhalts,,,,,,
Kanzler-Reise,,,,,,
US-Investoren,,,,,,
sol…,,,,,,
London/Berlin,,,,,,
Archivbild,,,,,,
Bilbao,,,,,,
Gdansk,,,,,,
Flüssiggaspläne,,,,,,
Energiekonzern Gasag,,,,,,
Gasnotstand,,,,,,
Münsterländern,,,,,,
Marienplatz,,,,,,
Vllp,,,,,,
Kernenergie-Anteils,,,,,,
Dnipro-Ufer,,,,,,
Scharm el Scheich-Kurz,,,,,,
Daggi,,,,,,
Zugspitzbahn,,,,,,
Jerusalem,,,,,,
systemkriti…,,,,,,
Stoßzeiten,,,,,,
Winterreifenpflicht,,,,,,
Räumdienste,,,,,,
Straßenmeistereien,,,,,,
Beamer,,,,,,
ARD-DeutschlandTrend,,,,,,
Ukraine-Städtepartnerschaften,,,,,,
Limmat,,,,,,
Sparkampagne,,,,,,
Berlin-Pankow,,,,,,
Main,,,,,,
Milliarden-Paket,,,,,,
Agri-Pho…,,,,,,
Rettungsschirm für Stadtwerke,,,,,,
Neu-Delhi,,,,,,
Handelsbeziehungen,,,,,,
Nordrhein-Westfallen,,,,,,
Kriegsgotts Kratos,,,,,,
Mittelrh…,,,,,,
energieautarken Haus,,,,,,
energieautarkes Haus,,,,,,
Peklvnl Ulnpl,,,,,,
Deutschlands Böden,,,,,,
Kramatorsk,,,,,,
plekl pe ent Bnpplpek Flel tepeu uuek Zeupekeu,,,,,,
MV,,,,,,
Agri-Photovoltaik,,,,,,
OB Lewe,,,,,,
Entlastungsbeschlüsse,,,,,,
Silas,,,,,,
VN,,,,,,
na…,,,,,,
Tempolimit,,,,,,
Grad,,,,,,
Spar-Experten,,,,,,
Südtirol,,,,,,
Geflecht,,,,,,
/li><li>49-Euro-Ticket,,,,,,
<ol><li>49-Euro-Ticket,,,,,,
Krisen-Entlastungsmaßnahmen,,,,,,
Thüringens,,,,,,
Landes-Energiefonds,,,,,,
Dezemberhilfen,,,,,,
Strom- und Gaspreisbremse,,,,,,
Leitzinsen,,,,,,
Bundeskanz…,,,,,,
Fi…,,,,,,
Gas-,,,,,,
Geflüchtetenhilfe,,,,,,
Händen,,,,,,
Spot-Preise,,,,,,
Schornsteine Foto,,,,,,
Zentrum der Klimaverhandlungen,,,,,,
Peak-Inflation,,,,,,
Nord S…,,,,,,
Trümmer,,,,,,
Muslimbrüder,,,,,,
EU-Wartezimmer,,,,,,
Berlin-Hohenschönhausen,,,,,,
italienische Regierung,,,,,,
Bienen,,,,,,
Kirchheim,,,,,,
Energiewende-Stammtisch,,,,,,
Balkonkraftwerke,,,,,,
Pommern,,,,,,
Dieselgenatoren,,,,,,
rohstoffreiche Kasachstan,,,,,,
Corona-Aufbaufonds,,,,,,
Suk Wakif,,,,,,
Altstadtbasar,,,,,,
Hochhäusern,,,,,,
Traditionsbewusstsein,,,,,,
Science-Fiction,,,,,,
Gasfeld,,,,,,
Eivissa,,,,,,
Ibiza,,,,,,
Emirat,,,,,,
Dinharderstrasse,,,,,,
Entlassungen,,,,,,
Strompreisniveaus,,,,,,
Autoclub,,,,,,
G7-Außenminister,,,,,,
Partnersuche,,,,,,
Ofenventilator-Vergleich,,,,,,
Volkswagens,,,,,,
Top-Empfehlung,,,,,,
Energiefalle,,,,,,
Spot-Preise k…,,,,,,
Preistipp,,,,,,
norwegischen Küste,,,,,,
Deutschlandticket,,,,,,
Schlachthof,,,,,,
Klimaschutz-Fragen,,,,,,
Reichstagsgebäudes,,,,,,
Regierungsmaschine,,,,,,
Komm…,,,,,,
Gasengpässen,,,,,,
nan Russland,,,,,,
Katastrophenschützer,,,,,,
Lui Knoll.</em,,,,,,
Außenwand,,,,,,
Klimawende,,,,,,
Wüste russisches Gas,,,,,,
Klimagipfel COP27,,,,,,
Ste…,,,,,,
Mittwochmorgen,,,,,,
auc…,,,,,,
Boehringer Ingelheim,,,,,,
Besatzern,,,,,,
Österreich-Beinschab-Tool,,,,,,
Energieunterbrechungen,,,,,,
Tanzfläche,,,,,,
Holliger,,,,,,
usbekisc…,,,,,,
Experten-Kommission,,,,,,
Bep BlupteO,,,,,,
Thermostat,,,,,,
enpeO elu aepnupkelltlek koekpl aetokltlekel Vlulel velpeu,,,,,,
Keim-Schock,,,,,,
te…,,,,,,
Stasi-Zeiten,,,,,,
G7-Staatengeme…,,,,,,
AKW-Bauer,,,,,,
Arbeiterkammer Burgenland,,,,,,
Grünes Methan,,,,,,
AK,,,,,,
Megawatt,,,,,,
Eisenstadt,,,,,,
<em>,,,,,,
Bürgergeld-Empfänger,,,,,,
Ergebnissen,,,,,,
Kernkraftwerks Civaux,,,,,,
Energie-Debatte,,,,,,
Der Winter schneit,,,,,,
BamS-Interview,,,,,,
Einfahrtsstraße,,,,,,
Klimaaktivisten,,,,,,
Großspeicherbatterien,,,,,,
Vergleichsportals Verivox,,,,,,
Batterietechniken,,,,,,
Swingtanzen,,,,,,
Spanne,,,,,,
Berlin-Kreuzberg,,,,,,
Lesern,,,,,,
Eon,,,,,,
Dezember-Soforthilfe,,,,,,
Flügen,,,,,,
Kabinenpersonal von Eurowings,,,,,,
Wintershall,,,,,,
Gas-Speicherstand,,,,,,
Chin…,,,,,,
Anti-Fracking-Protest,,,,,,
Slowjansk,,,,,,
Schkeuditz,,,,,,
Zehn-Euro-Flüge,,,,,,
Linzer,,,,,,
spa…,,,,,,
Ostasiens,,,,,,
Nordamerika,,,,,,
Milli…,,,,,,
Klimablog,,,,,,
Sozialausschusses,,,,,,
Betriebsschließungen,,,,,,
PwC-Studie,,,,,,
Odessa…,,,,,,
Langzeiturlauber,,,,,,
Dauerkrisenmodus,,,,,,
Zoos,,,,,,
Köln O du,,,,,,
Affenpocken-Impftermine,,,,,,
Drohnen-Lieferungen,,,,,,
Ti,,,,,,
Vo…,,,,,,
Doku-Bereich,,,,,,
Gutverdiener,,,,,,
Chisi…,,,,,,
Enercon,,,,,,
wohlh…,,,,,,
Gaspreises,,,,,,
Putin-Berater,,,,,,
Russland</li><li,,,,,,
Wisla,,,,,,
Moosburg,,,,,,
Coldplay,,,,,,
Atomkraft,,,,,,
Passanten,,,,,,
Val d’Isere,,,,,,
TVMovie.de,,,,,,
Argentinier,,,,,,
Münchens,,,,,,
Shopping-Event,,,,,,
Transportbranche,,,,,,
Bundespräsident …,,,,,,
Steuererhöhungen,,,,,,
Raketenprogramms,,,,,,
Geologen-Verbandes,,,,,,
<ol><li>(S+,,,,,,
Jahrtausend-Beben,,,,,,
Jahrhundert-Beben,,,,,,
Massenentlassungen,,,,,,
Wirtschaftsministerium gefroren,,,,,,
La Niña,,,,,,
Polarwirbel,,,,,,
Kältekammer,,,,,,
Verschärfungen,,,,,,
Black Friday,,,,,,
Inflations-Entlastungen,,,,,,
Wärmestromtarife,,,,,,
Hauptausschusses am Mittwochabend,,,,,,
Standardgastarif,,,,,,
Zll pel POoet,,,,,,
Ausbildungsangebote,,,,,,
Ex-Präsident,,,,,,
Nord-Ostsee-Kanal,,,,,,
Deutschlands Klimaziele,,,,,,
Solardächer,,,,,,
Jahresabstand,,,,,,
Bauvorschriften,,,,,,
Gemeinden,,,,,,
Profi-Handwerkern,,,,,,
Grünen-Politi…,,,,,,
La…,,,,,,
Genusses,,,,,,
Energie-Soli,,,,,,
Kiew/Wien,,,,,,
Attacken,,,,,,
Morgan,,,,,,
Klimabeauftragte Jennifer Morgan,,,,,,
Kauflaune,,,,,,
Illusionen,,,,,,
Wasserboiler,,,,,,
Videokonferenz,,,,,,
Thüringer Erdgasspeicher,,,,,,
los“,,,,,,
Immobilienbesitzern,,,,,,
Holz-Feuerstellen,,,,,,
Wärmespender,,,,,,
Minister Lindner und Habeck,,,,,,
Nato,,,,,,
OPEC-Beschluss,,,,,,
Französische Regierung,,,,,,
Königreich,,,,,,
Raffinerie-Streik,,,,,,
Frankfurt am Main,,,,,,
Trockenen,,,,,,
Kay Nietfeld/dpa,,,,,,
Maschinenbau-Gipf…,,,,,,
Badkeramik,,,,,,
Bahn-Blackout,,,,,,
Öl-Förderkürzungen,,,,,,
Schränken,,,,,,
Thermowäsche,,,,,,
Wollpullis,,,,,,
Linken-Fraktionschef,,,,,,
Rostock,,,,,,
Proteste,,,,,,
Eigentümerverbands,,,,,,
Pandemie,,,,,,
Kreditzinsen,,,,,,
Baubranche,,,,,,
Birgit Virnich.</em,,,,,,
Bildungsministerium,,,,,,
Mittelmeerraum,,,,,,
Dehoga,,,,,,
Protestaktionen,,,,,,
Klima- und Transformationsoffensive,,,,,,
Biosupermärkte,,,,,,
Richard-Wagner-Platz,,,,,,
Deutschen Maschinenbaugipfel,,,,,,
Montagsprotest,,,,,,
Lviv,,,,,,
US-Politiker,,,,,,
Entlassungspläne,,,,,,
um?4,,,,,,
europäischen Staaten,,,,,,
"Doppelwumms""-Geld",,,,,,
Bundeslga,,,,,,
Warschau/Berlin,,,,,,
Rohölpreis,,,,,,
NATO-Treffens,,,,,,
Region Luhansk,,,,,,
Ostsee-Pipeline Nord Stream,,,,,,
Pipeline Nord Stream 2,,,,,,
Geldanlage Global,,,,,,
Deutschlands Gasspeicher-Füllstand,,,,,,
Sankt Augustin,,,,,,
wummsig,,,,,,
Haushalt Dachau,,,,,,
Energiekrise-Winter,,,,,,
Stadt Marburg,,,,,,
Stellenstreichungen,,,,,,
Atomwaffen-Drohungen Russlands,,,,,,
NATO-Kreisen,,,,,,
N26,,,,,,
Start-up-Bank,,,,,,
Gastronomen,,,,,,
Rücktrittsforderungen,,,,,,
Druschba-Ölpipeline,,,,,,
Druschba-Strang,,,,,,
Druschba-Strang…,,,,,,
Doppelmurks,,,,,,
Holzheizungen,,,,,,
Energiepreisexplosionen,,,,,,
Mitgefühl,,,,,,
UK,,,,,,
Heizungsbauer Vaillant,,,,,,
Große Preisunterschiede,,,,,,
Bio-Lebensmittel,,,,,,
Staaten USA,,,,,,
Mobilfunkanbieter,,,,,,
Selbstlob,,,,,,
Finanzzentrum am Main,,,,,,
Waschmaschine,,,,,,
Geschirrspüler,,,,,,
Wintermonate,,,,,,
Liechtenstein,,,,,,
Bockenheim,,,,,,
Atomkraftwerk Saporischschja,,,,,,
Wi…,,,,,,
Russland-Flaggen,,,,,,
Nazi-Slogans,,,,,,
Bomben-Schaden,,,,,,
Alla Varlamova,,,,,,
Hilfswerks,,,,,,
Kiew will Berlin,,,,,,
Schwarzmeer-Halbinsel Krim,,,,,,
Friedenszustand,,,,,,
AfD-Kreistagsfraktion,,,,,,
Kertsch-Brücke,,,,,,
Vereinigten Königsreichs,,,,,,
Havelland,,,,,,
Begegnungsraum,,,,,,
Demo-Wochenende,,,,,,
Amtshilfe,,,,,,
Hauptstadt,,,,,,
Berliner Parteizentralen,,,,,,
Berliner Regierungsviertel,,,,,,
Demo,,,,,,
Antenne Brandenburg,,,,,,
Gemeinde Wustermark,,,,,,
Corona-Herbstwelle,,,,,,
Herbstwelle,,,,,,
Klimaumbau,,,,,,
Zeitdruck,,,,,,
Konservendosen,,,,,,
Podcast,,,,,,
Meeresboden,,,,,,
Schmuddelwetter,,,,,,
oben,,,,,,
US-Verbündeter,,,,,,
Kilogramm,,,,,,
Alexa,,,,,,
Siri,,,,,,
Wärmestuben,,,,,,
Essensausgaben,,,,,,
Energie-Krisen-Pläne,,,,,,
Holzpellets,,,,,,
Unterhaching,,,,,,
Krimbrücken-Explosion,,,,,,
Fürstentum Liechtenstein,,,,,,
Krimbrücke,,,,,,
Staatsoper Unter den Linden,,,,,,
li…,,,,,,
Risiko von Zahlungsausfällen,,,,,,
Windanlagenbauer Gamesa,,,,,,
Vormarsch,,,,,,
Stadttei…,,,,,,
Handwerkskammer Hamburg,,,,,,
Ko…,,,,,,
Rotenberg,,,,,,
IT-Sicherheitsexperten,,,,,,
Montags-Protest,,,,,,
Chemnitz,,,,,,
Chrupalla,,,,,,
Unternehmern,,,,,,
Klimaperspektive,,,,,,
Opec-Entscheid,,,,,,
US-Senator,,,,,,
US-Beziehungen,,,,,,
Staatsoper,,,,,,
Trinkwasser…,,,,,,
Selbsthilfe-Kurse,,,,,,
Damenstrumpf,,,,,,
Norddeutschlands,,,,,,
Norddeu…,,,,,,
Kernkraftwerk,,,,,,
Gaspreis-Gremium,,,,,,
Bahn-Attacke,,,,,,
… <,,,,,,
Hochrechnungen,,,,,,
Plan-Studie,,,,,,
Gas-Kommission,,,,,,
BSI-Chef,,,,,,
EVP-Chef,,,,,,
Elon Musk,,,,,,
Untersee-Stromkabel,,,,,,
Spekulationen,,,,,,
Civey-Instituts,,,,,,
Kassen,,,,,,
E…,,,,,,
Kontrast,,,,,,
Frankfurter Stadtwald,,,,,,
Kernkraftwerk Isar 2,,,,,,
Isjum,,,,,,
Übersee,,,,,,
Ungemach,,,,,,
Bezirken,,,,,,
Energieâ€,,,,,,
GrÃ¼nen,,,,,,
Ansichtssache,,,,,,
Kohlemine am Schwarzen Meer,,,,,,
Kohlebergwerk,,,,,,
Isjum i…,,,,,,
Messestadt,,,,,,
Grünen-Parteitag,,,,,,
Wutreden,,,,,,
Steuersenkungspläne,,,,,,
Holzmangel,,,,,,
Brüssel/Straßburg,,,,,,
Schmoll-Ecke,,,,,,
Minenunglück,,,,,,
Häfen,,,,,,
Reportagen,,,,,,
Stream“-Lecks,,,,,,
Nato-Manövern,,,,,,
Steadfast Noon,,,,,,
nan Schweden,,,,,,
norwegischer Grenze,,,,,,
Storskog,,,,,,
Norwege…,,,,,,
Tallinn,,,,,,
Madis,,,,,,
Debatten,,,,,,
Teilmobilmachung von Reservisten,,,,,,
J…,,,,,,
Drei-Monats-Tief,,,,,,
Parteivorsitzenden,,,,,,
PO,,,,,,
etpu,,,,,,
Segel-Tanker,,,,,,
Mixed-Reality-Headset,,,,,,
Apples,,,,,,
Iris,,,,,,
Flughäfen,,,,,,
Innenstadt,,,,,,
Jahresendrally,,,,,,
Stresstest,,,,,,
Leguan-Leben,,,,,,
Ermittler,,,,,,
Pipeline  ,,,,,,
Energiedemos,,,,,,
Berlin</em,,,,,,
Koalitionskreisen,,,,,,
Gasunternehmen,,,,,,
Ulmer,,,,,,
Bundesparteitages,,,,,,
Zubringerstraßen,,,,,,
Gasmangel,,,,,,
Deu…,,,,,,
Comedian Vince Ebert,,,,,,
Saarbrücker,,,,,,
Heizöl-Markt,,,,,,
Handelswoche,,,,,,
Wilhelmshavener,,,,,,
Heringen,,,,,,
Energiepreiskrise,,,,,,
Brauneck,,,,,,
drit…,,,,,,
Ukraine-Russland-News,,,,,,
Luftnummer,,,,,,
Laternen,,,,,,
Multifuel-Kocher,,,,,,
lO Pelalpekeu Ueup,,,,,,
Zürcher Apothekerverband,,,,,,
Praxis-Schließungen,,,,,,
Sabotage-Täter,,,,,,
Wohlstands,,,,,,
Staatsob…,,,,,,
Staatsoberhaup…,,,,,,
Chemietarifrunde,,,,,,
Peace-Flagge weht,,,,,,
Gegenwind Illustrati…,,,,,,
Salzpreis,,,,,,
Ebensee,,,,,,
Gasmangellage,,,,,,
Industriestaaten,,,,,,
Nord Stream“-Explosionen,,,,,,
Genf,,,,,,
Papier-Trick,,,,,,
Mittelplate,,,,,,
Bundeskanzler O…,,,,,,
Absatz,,,,,,
bad…,,,,,,
Grundsteuer,,,,,,
Deuschland,,,,,,
Gasverteilzentrum,,,,,,
Goldenstedt-Oythe,,,,,,
Dieksand,,,,,,
Chemieriese,,,,,,
Dübendorf,,,,,,
Gasrechnung,,,,,,
Berlin 2,,,,,,
Schni…,,,,,,
Pipeline Druschba-Betre…,,,,,,
Billigfluglinie Ryanair,,,,,,
Schönefeld,,,,,,
Autokorsos,,,,,,
Gas-Verteilzentrum,,,,,,
Osteseepipline,,,,,,
Hornbach,,,,,,
Landtag in…,,,,,,
ei… Frankreich,,,,,,
Musik-Juror,,,,,,
UN-Votum,,,,,,
Ukraine</li><li,,,,,,
Krieg</li><li,,,,,,
Kubicki bei Maischberger,,,,,,
Gasspeicher-Ziel,,,,,,
Deindustrialisierungsängste,,,,,,
Land wirtschaf…,,,,,,
Wirtschaftsministeriums,,,,,,
Vaillant-Chef,,,,,,
Ölpipeline-Leck,,,,,,
Statistische Bundesamt am Donnerstag,,,,,,
Neues LNG-Terminal,,,,,,
Chemieunfall,,,,,,
Kongresszentrum,,,,,,
Braun­kohletagebaus Gar…,,,,,,
GRTGaz,,,,,,
Erdgaslieferungen,,,,,,
Uster,,,,,,
Großforschungszentrum Cern,,,,,,
Flughafen Tegel,,,,,,
Kino,,,,,,
Freitag,,,,,,
Sächsischer Schweiz,,,,,,
Chlor,,,,,,
Raketenteilen,,,,,,
Oskol,,,,,,
Atomkraftwerk Fessenheim,,,,,,
Fessenheim,,,,,,
Obergailbach,,,,,,
Kanton Zürich,,,,,,
festklopfen,,,,,,
Krisenfall Vorrang,,,,,,
Kohlenfaser-Material,,,,,,
Schweröl,,,,,,
World Conference Center…,,,,,,
Finanzministerium,,,,,,
Oppositi…,,,,,,
Tarifpartner,,,,,,
Okara,,,,,,
St. Galler Rheintal,,,,,,
Olma,,,,,,
Gas-As,,,,,,
Scholz-Ersatz,,,,,,
Nord Stream«-Mission,,,,,,
Bundesbankpräsident,,,,,,
Tempelhof-Schöneberg,,,,,,
Bezirk Wärmeräume,,,,,,
Washingtoner,,,,,,
Fairmont,,,,,,
Handelsriesen,,,,,,
Galeria,,,,,,
Kaufhof,,,,,,
Hochhaus,,,,,,
Lissabon,,,,,,
Mittelgrund,,,,,,
Warschauer,,,,,,
Feierlaune,,,,,,
Westens,,,,,,
Thrakien,,,,,,
Land Steiermark,,,,,,
AnschlÃ¼ssen,,,,,,
Bakterien,,,,,,
weltwe…,,,,,,
Gashahn zubleibt - Sport,,,,,,
Potsdamer,,,,,,
Luftschiffhafen,,,,,,
Leipzigs,,,,,,
Kitas,,,,,,
Kanaren,,,,,,
aetetteu,,,,,,
peO,,,,,,
Finnlands,,,,,,
Sicherheitskonzepte,,,,,,
Bundeskartellamt,,,,,,
Wettbewerbern,,,,,,
Kernkraftwerken,,,,,,
Preisanpassung,,,,,,
Grafiken,,,,,,
Ismaning,,,,,,
Dauerschäden,,,,,,
Strompreiszonen,,,,,,
Haus  warm,,,,,,
niederländische Staat,,,,,,
Hölle,,,,,,
leegefegt,,,,,,
Gemeindehäuser,,,,,,
Corona-Inzidenz,,,,,,
Land im Fernen Osten,,,,,,
Kabinettsklausur,,,,,,
Meseberg,,,,,,
Energiekrise-Klimaschutz-Dilemma,,,,,,
Teheran,,,,,,
Portowaja,,,,,,
russischen Staat,,,,,,
D.C.,,,,,,
Heizlüfter,,,,,,
Europa-Rat,,,,,,
Parlament,,,,,,
Dschidda,,,,,,
Atomkraft-Reserve,,,,,,
Bussen,,,,,,
Usern,,,,,,
"Wohnungsriese 
Vonovia",,,,,,
Leitungen,,,,,,
Heizpilz,,,,,,
Institute,,,,,,
Einigung,,,,,,
Alstertanne,,,,,,
Binnenalster,,,,,,
Pipeline Nord …,,,,,,
Bundesumweltamt,,,,,,
Grüner Kurs,,,,,,
Waffenlieferungen,,,,,,
Anti-Atom-Sonne,,,,,,
Jahresvergleich,,,,,,
Ampelfraktionen,,,,,,
Leverkusener,,,,,,
Bundesminister der Finanzen,,,,,,
Atlantik,,,,,,
Nordatlantik,,,,,,
Korruptionsaffäre,,,,,,
Aug…,,,,,,
Energiepreis-Abwehrschirm,,,,,,
Kauf,,,,,,
Stavanger Foto,,,,,,
niederbayrische Atomkraftwerk,,,,,,
Atomkraftwerk Isar,,,,,,
Politica-Comment,,,,,,
Meiler,,,,,,
Kli…,,,,,,
Bündnispartner,,,,,,
Verbraucher di…,,,,,,
Erdgasleitun…,,,,,,
Vorfälle,,,,,,
Ökonomen,,,,,,
Nordstream-Lecks,,,,,,
Erdgas-Pipelines,,,,,,
Strommarktes,,,,,,
Preiszonen,,,,,,
Sicherheitsbehörden,,,,,,
Gas-Pipelines,,,,,,
Trippelschritten,,,,,,
Landtags,,,,,,
Kap der guten Hoffnung,,,,,,
Eskom,,,,,,
Lohn-Preis-Spirale,,,,,,
Wellness-Einrichtungen,,,,,,
Nord-Stream-Schäden,,,,,,
Wandern,,,,,,
Flüssiggasterminals,,,,,,
Davos,,,,,,
Spar-Tipps,,,,,,
Alarmstufe,,,,,,
Stadtwerke-Chef,,,,,,
Deutschlands Gasreserven,,,,,,
Texas,,,,,,
Bedarfs,,,,,,
Wanderverbandes,,,,,,
ORF.at,,,,,,
Australiens,,,,,,
Schwimmbäder,,,,,,
Presseschau,,,,,,
Lösungen,,,,,,
Krisenfall,,,,,,
Strom-Rekordpreise,,,,,,
Energie-Ratgeber,,,,,,
Öfen von Gas,,,,,,
Flüssiggas-Pläne,,,,,,
Preisschilder,,,,,,
Ökowärme,,,,,,
Hausbesitzern,,,,,,
Krypto-Mining,,,,,,
Kryptogeld,,,,,,
Erdbeben-Feld,,,,,,
Erdbeben,,,,,,
Energie-Preise,,,,,,
Berufsausbildung,,,,,,
Ruslland,,,,,,
Klimafonds,,,,,,
Klopapier,,,,,,
Golf,,,,,,
Gas-Embargo,,,,,,
Isar 2,,,,,,
Herausforderungen,,,,,,
Stahlwerkzone,,,,,,
Mariupol,,,,,,
Donbass-Republiken,,,,,,
US-Tageszeitung,,,,,,
burgenland,,,,,,
Kontinents,,,,,,
Freizeitbereich,,,,,,
Bahnnetzes,,,,,,
Feldheim,,,,,,
Röders,,,,,,
Klima-Labor,,,,,,
NATO,,,,,,
Land am Bosporus,,,,,,
Theatern,,,,,,
Konzerthäusern,,,,,,
Kulturbranche,,,,,,
HalleSpektrum.de,,,,,,
Ägyptens,,,,,,
Onlinemagazin,,,,,,
Saale,,,,,,
Vorrang nan,,,,,,
Bad Tölz-Wolfratshausen,,,,,,
Pullach,,,,,,
Anwohnern,,,,,,
Gaskraftwerken,,,,,,
BUNDland Germoney,,,,,,
Kraftwerk Isar 2,,,,,,
Niederbayern,,,,,,
Atomkraftwerk Isar 2,,,,,,
Fröttmaninger Arena,,,,,,
Petersberger,,,,,,
Berliner Regierung,,,,,,
Deutschlehrer-Info,,,,,,
Elektroanlagen,,,,,,
Krematorien,,,,,,
Tagesspiegel,,,,,,
Rhein-Hunsrück-Kreis,,,,,,
Potenzial,,,,,,
schön läppern,,,,,,
Taunusstein,,,,,,
Taunus,,,,,,
Luxus,,,,,,
Bädern,,,,,,
Mehrum,,,,,,
Gas-Not,,,,,,
Uno-Chef,,,,,,
Fußball-Rekordmeister,,,,,,
Porsche-Börsengang,,,,,,
Doppel-Wumms-Dilemma,,,,,,
Philharmonie,,,,,,
Pipelines-Lecks,,,,,,
Medizinern,,,,,,
Büroräumen,,,,,,
Mutterschaftsurlaub,,,,,,
HashiConf Global,,,,,,
ha…,,,,,,
Heizungscheck,,,,,,
Forschern,,,,,,
Ruhestatus,,,,,,
Mietverträgen,,,,,,
Vera Wolfskämpf.</em,,,,,,
Schweden-Ermittlungen,,,,,,
Heizkosten-Explosion,,,,,,
Ostbayern,,,,,,
Kummer,,,,,,
Accessoire,,,,,,
Landkreis Saarlouis  ,,,,,,
Elbe,,,,,,
Gas-Felder,,,,,,
Krisenherbst â€,,,,,,
Ãœberbâ€¦,,,,,,
Krisenherbst,,,,,,
Telepolis,,,,,,
Gasleitungen,,,,,,
Internetseekabel,,,,,,
Auftrag,,,,,,
Midijobs,,,,,,
Offshore-Anlagen,,,,,,
Ölhahn,,,,,,
Pipeline-Explosion,,,,,,
Nord-Stream-Zentrale,,,,,,
Pipeline-Ermittlungen,,,,,,
Nachahmer-Aktionen,,,,,,
Ie touael,,,,,,
Tschetschenien,,,,,,
Ramsan Kadyrow,,,,,,
Nord-Stream-Sabotage,,,,,,
US-Bundesstaat,,,,,,
Arizona,,,,,,
Gas-Pipeline,,,,,,
Personallöcher,,,,,,
Gas-Krise,,,,,,
Stream Pipelines,,,,,,
Röstis,,,,,,
Energiezufuhr,,,,,,
Gasmarkt richtu…,,,,,,
Ampel-Murks,,,,,,
Steuerzahlerkosten,,,,,,
Neuigkeiten,,,,,,
Arbeitswoche,,,,,,
Schweineställen,,,,,,
LNG-Pipeline,,,,,,
Kandersteg,,,,,,
Verbands,,,,,,
Frutigen,,,,,,
Berner,,,,,,
Zürichs,,,,,,
Stadt Winterthur,,,,,,
Nachbarländern,,,,,,
Münchner Flughafen,,,,,,
Infektionsschutzgesetzt,,,,,,
Ursula von der Leyen,,,,,,
Flüssiggas-Terminals,,,,,,
Wachstum,,,,,,
Offshore-Service-Insel,,,,,,
Insel Helgoland,,,,,,
Neues Gipfelformat,,,,,,
Berlin/Kiew,,,,,,
Kiew</li><li,,,,,,
US-Dolla,,,,,,
Strom-Wetterbericht,,,,,,
Stadt Wien,,,,,,
verimpft,,,,,,
Putin,,,,,,
Sankt Petersburg,,,,,,
Italiener,,,,,,
Nordseeküste,,,,,,
blic…,,,,,,
Turkana,,,,,,
Kenyas,,,,,,
Dürre,,,,,,
Helgoland,,,,,,
Offshore-Industrie,,,,,,
FritzDECT 302,,,,,,
Pipeline-Chaos,,,,,,
Scheiterns,,,,,,
Methan-Reduktion,,,,,,
Klima-Leck,,,,,,
Großforschungsinstitute,,,,,,
Stromerzeugern,,,,,,
Minijob-Grenze,,,,,,
Haar bei München,,,,,,
Bad Kissinger Gesundheitstage,,,,,,
Generationswechsel,,,,,,
Vaihinger Industriegebiet,,,,,,
Lieferant,,,,,,
wohlstandsver…,,,,,,
Aserbaidschan,,,,,,
Va banque,,,,,,
Steuermitteln,,,,,,
Heißer Herbst,,,,,,
Homeoffice-Pauschale,,,,,,
US-Amerikaner,,,,,,
Caracas,,,,,,
Marktpreis,,,,,,
Methan-Quelle,,,,,,
Ostseepipelines Nord Stream 1,,,,,,
Bistum Fulda,,,,,,
Bistums Mainz,,,,,,
Spurensuche,,,,,,
Bundesbern,,,,,,
Zeitzeugen,,,,,,
UrengoiPomaryUschgorod,,,,,,
Urengoi,,,,,,
Gasverbrauchskurve,,,,,,
Herr Müller,,,,,,
Sauna,,,,,,
Drohnensichtungen,,,,,,
Sommerloch,,,,,,
Energieserie,,,,,,
Energiezukunft,,,,,,
Kopfzerbrechen,,,,,,
Siemens-Energy-Chef,,,,,,
Radebeul,,,,,,
Stromsparziele,,,,,,
Markts,,,,,,
Pools,,,,,,
nan Italien,,,,,,
Konferenz,,,,,,
Pyrenäen-Pipeline,,,,,,
Helios-Kliniken,,,,,,
Corona-Tests,,,,,,
USB-C.,,,,,,
Bio-Bauer,,,,,,
Ostens,,,,,,
Rumäniens,,,,,,
Landshut,,,,,,
Warmes Haus,,,,,,
Nordspanien,,,,,,
Pipeline-Druck,,,,,,
Grünen-Politiker,,,,,,
Getränk,,,,,,
Tiktok,,,,,,
Spanien Europas,,,,,,
Chirurg,,,,,,
Sparkassen-Präsident,,,,,,
Russisches Gas,,,,,,
Bund-Länder-Treffen  ,,,,,,
Impfpflicht,,,,,,
Ukraine v,,,,,,
Mehrfachraketenwerfer,,,,,,
Deutschen Bucht,,,,,,
Ve…,,,,,,
Planeten,,,,,,
Endspurt,,,,,,
Normandie Fleecejacken,,,,,,
Fleecejacken,,,,,,
Normandie,,,,,,
Frankfurter Römer,,,,,,
Wohngeld-Programms,,,,,,
Land üb,,,,,,
AKW Brokdorf,,,,,,
Kernkraftwerk Brokdorf,,,,,,
Landtag von Schleswig-Holstein,,,,,,
Atomkraftwerks Brokdorf,,,,,,
Theater,,,,,,
Gedimmtes,,,,,,
Fluren,,,,,,
Foyers,,,,,,
Räderwechsel,,,,,,
Rückgang bei Gasfüllstand,,,,,,
TES,,,,,,
Vorj…,,,,,,
Preisniveaus,,,,,,
ungestellt,,,,,,
Wachstumsfeuer,,,,,,
kÃ¶nnte,,,,,,
Flexenarena,,,,,,
Weltcup-Verantwortlichen,,,,,,
Dax-Konzerns,,,,,,
Neukunden-Stopp,,,,,,
Kursrallye,,,,,,
Kompromiss,,,,,,
Linde-Aktie,,,,,,
"Dienstag
",,,,,,
Quartalszahlen,,,,,,
Delhi,,,,,,
Indiens,,,,,,
Rekordjahr,,,,,,
Schlussquartal,,,,,,
Sparquote,,,,,,
Teil Neukundenstopp,,,,,,
Ukraine i…,,,,,,
Alexanderplatz,,,,,,
Diskussionen,,,,,,
Garzweiler,,,,,,
Geras,,,,,,
Herr Kretschmer,,,,,,
Trümmern,,,,,,
Lichtjahre,,,,,,
Nordkurier,,,,,,
Salzbrocken,,,,,,
Leibniz-Instituts,,,,,,
Repression,,,,,,
Kohlekraftwerks Jänschwalde,,,,,,
Südbrandenburg,,,,,,
Ak…,,,,,,
Strack-Zimmermann,,,,,,
Kretschmer,,,,,,
Koreaner,,,,,,
Naturschutzgruppen,,,,,,
Industriegasekonzern Linde,,,,,,
dpo,,,,,,
schön üppig,,,,,,
Kondenswasser,,,,,,
Charlottenburg,,,,,,
haflaTr,,,,,,
Bel enluoolpeke,,,,,,
Uletelpluoo,,,,,,
PST,,,,,,
Mitentscheiden,,,,,,
Guerilla-Aktion,,,,,,
Gewobag-Mieter,,,,,,
Tempelhof,,,,,,
Subventionen,,,,,,
RWE-Gaskraftwerk Duisburg-Huckingen,,,,,,
Ökostrom,,,,,,
Großhandel,,,,,,
Notfallszenarien,,,,,,
Zusammenraufens,,,,,,
den Vereinigten Staaten,,,,,,
Müs…,,,,,,
Idealo-Preisstudie,,,,,,
Alltagsleben,,,,,,
Open-RAN,,,,,,
Huawei-Spionage,,,,,,
Dax-Schwergewichts Linde,,,,,,
Energieversorger,,,,,,
Solarpark,,,,,,
Bruttolohnes,,,,,,
lia./(dpa,,,,,,
Ifo-Index,,,,,,
Winter″,,,,,,
Stahlwerks,,,,,,
Kriegsopfer,,,,,,
Amt blei…,,,,,,
Kirchengruppen,,,,,,
Bürgerinitiativen,,,,,,
Wintershall Dea,,,,,,
Berlin/Frankfurt,,,,,,
Detroit,,,,,,
Schiefergas,,,,,,
Qiongzhusi-Formation,,,,,,
PEKING,,,,,,
Hilfen,,,,,,
Flughafen ei…,,,,,,
Whatsapp,,,,,,
Mittwoch Frankreichs,,,,,,
Ardabil,,,,,,
Zirndorfer,,,,,,
Wintersdorf,,,,,,
Rekordkurs,,,,,,
Menschen am Hauptbahnhof,,,,,,
Walchensee,,,,,,
Cherson-Abzug,,,,,,
Landkreis Starnberg,,,,,,
Wiesn,,,,,,
versüßt,,,,,,
Hidschāb-Proteste,,,,,,
Hazara,,,,,,
Afghanistan,,,,,,
Mädchentür,,,,,,
lang,,,,,,
Baumstümpfe,,,,,,
Amberg,,,,,,
Fiasko,,,,,,
Deutsch-Ukrainische Wirtschaftsforum,,,,,,
St. Johann im Pongau,,,,,,
Finanzcrashs,,,,,,
Schuldenmachen,,,,,,
Brandenburgs Kita-Essen,,,,,,
Grüneburgpark,,,,,,
Kampfjet,,,,,,
Telefonaten,,,,,,
Schebekino,,,,,,
Oblast Irkutsk,,,,,,
Testflug,,,,,,
ukrainis…,,,,,,
Perm am Ural,,,,,,
Energodar,,,,,,
Industriebranche,,,,,,
Corona-Maskenpflicht,,,,,,
Kronberg,,,,,,
Museums Kronberger Malerkolonie,,,,,,
deutschen Überfalls,,,,,,
Energiepreisexplosion,,,,,,
Energierechtsberatungen,,,,,,
Friedenspreis des deutschen Buchhandels,,,,,,
Luftangriffen,,,,,,
Abhängigkeiten,,,,,,
Datenleck-Strafen,,,,,,
Kiel/Lubmin,,,,,,
Telefon-Betrügereien,,,,,,
Masche,,,,,,
Energieverbrauchs in,,,,,,
Feste Arbeitsplätze,,,,,,
Düsseldorfer Konzernzentrale,,,,,,
Mobilfunkausbau,,,,,,
Staatsforsten,,,,,,
Dekra-Chef,,,,,,
Aussicht,,,,,,
Denkens,,,,,,
Bluetti,,,,,,
Kremlsprecher,,,,,,
Grauens,,,,,,
Recherchenetzwerk Bellingcat,,,,,,
Deutsch-Ukrainischen Wirtschaftsforum,,,,,,
Mecklenburgische Seenplatte,,,,,,
Neustrelitz,,,,,,
Pizza,,,,,,
Werbeanrufe,,,,,,
Kuscheliges,,,,,,
Unbehagen,,,,,,
Schneckentempo,,,,,,
Brexit,,,,,,
Putins Russland,,,,,,
Naturw…,,,,,,
Polizeieinsatz,,,,,,
Klima-Deppen,,,,,,
Potsdamer Museum,,,,,,
Ukraine-Update am Morgen - Nato-Minister,,,,,,
Französin Odile Renaud-Basso,,,,,,
Landes am Laufen,,,,,,
Be­mühungen,,,,,,
HDE-Konsumbarometer,,,,,,
Südasien,,,,,,
Län…,,,,,,
Cotswolds,,,,,,
Stew,,,,,,
Washington DC…,,,,,,
Kleinen Waffenschein,,,,,,
Thanksgiving,,,,,,
US-Demokraten,,,,,,
Haushaltsplans,,,,,,
Tand le…,,,,,,
Konsumklimas,,,,,,
Israelische Regierung,,,,,,
Beiersdorf-Chef,,,,,,
Landgericht Hamburg,,,,,,
Landgerichts Hamburg,,,,,,
Kü…,,,,,,
Podcast-Tipps,,,,,,
Saturn,,,,,,
Sonderregal,,,,,,
Pratteln,,,,,,
Druck-Ausgabe,,,,,,
Mega-Trends,,,,,,
Kremlchef Putin,,,,,,
Vorwürfe</li><li,,,,,,
Satelliten</li><li,,,,,,
Kantons Zürich,,,,,,
Mega-Gewinne,,,,,,
Öl-Riesen,,,,,,
Tiefstwerten,,,,,,
Kanton,,,,,,
Print-Ausgaben,,,,,,
Tankbetrug,,,,,,
Russischen Föderation,,,,,,
Getreideabkommens</li><li,,,,,,
News-Ticker,,,,,,
Brennöfen,,,,,,
Krisenszenarien,,,,,,
Russisches Uran,,,,,,
Brennelementefabrik,,,,,,
Wintermodus,,,,,,
Energieträgern,,,,,,
Slowenien,,,,,,
Rauchmeldern,,,,,,
Sicherheitsvorkehrungen,,,,,,
Leitszinses,,,,,,
Sina,,,,,,
Wattenmeer-Besucherzentrum,,,,,,
Erdgas-Paradoxon,,,,,,
dunklen Bad,,,,,,
Clariant,,,,,,
Klimakollaps,,,,,,
Volksrepublik Donbass,,,,,,
Konflikts,,,,,,
Hoffnungen,,,,,,
deutsche Staat,,,,,,
Motorschaden,,,,,,
Feinden,,,,,,
Online-Abo,,,,,,
Ölkonzerne,,,,,,
Rosneft-Chef,,,,,,
Baku,,,,,,
Westen,,,,,,
Hochwassern,,,,,,
Wegfal…,,,,,,
Heizscham,,,,,,
Scham,,,,,,
Albigna-Stausee,,,,,,
Energieaktien,,,,,,
Krisengewinner,,,,,,
Maoniuping-Mine,,,,,,
Freitagmorgen,,,,,,
Flüssiggas-Terminalschiff,,,,,,
Bezirk Melk,,,,,,
Krummnußbaum,,,,,,
Star-Koch Schuhbeck,,,,,,
Stürmen,,,,,,
Waldbränden,,,,,,
London/Paris/Madrid,,,,,,
Totalenergies,,,,,,
Li…,,,,,,
Propaganda,,,,,,
Windenergie-Ausbau,,,,,,
Wind-Ausbau,,,,,,
Rathaus Charlottenburg,,,,,,
Haushaltskasse,,,,,,
Budg…,,,,,,
AfD-Abgeordneten,,,,,,
Blackout-Fall,,,,,,
Libanons,,,,,,
Gasmenge bedeut…,,,,,,
Gaspipeline-Lecks,,,,,,
Kont…,,,,,,
Parlamente,,,,,,
Schachtarsk,,,,,,
Coronavirus,,,,,,
Vorstandsrang,,,,,,
Bidens Tankstellenproblem,,,,,,
Ble Pppeae pep penlpek-tleueoplpekeu Zlulplellelp vnlpe,,,,,,
Katzenjammer,,,,,,
Kohlestrom,,,,,,
Bernburger,,,,,,
Bexbach,,,,,,
Kraftwerk Bexbach,,,,,,
Lunch,,,,,,
Minihäusern,,,,,,
Schwarzwald,,,,,,
Tiny Houses,,,,,,
Terminal Tollerort,,,,,,
Notenbank,,,,,,
Arbeitsessen,,,,,,
Entschädigungen,,,,,,
Rath,,,,,,
Bareiss,,,,,,
Hotel Bareiss,,,,,,
Scholcron,,,,,,
Regierungskreise,,,,,,
Homeoffice-Booms,,,,,,
Porzellanladen,,,,,,
Kurzarbei…,,,,,,
Corona-Rückgang,,,,,,
Umweltschäden,,,,,,
Abo-Kunden,,,,,,
SHENZHEN,,,,,,
Amsterdam,,,,,,
Google-Konzern,,,,,,
Uber-Whistleblower,,,,,,
Lena Puttfarcken.</em,,,,,,
CDU-Chef Merz,,,,,,
Biozid-Abwässern,,,,,,
Umweltverschmutzungen,,,,,,
Schäden,,,,,,
Fahrverhaltens,,,,,,
Ticker,,,,,,
Évian,,,,,,
Grand Hotel Royal,,,,,,
Mitteltal,,,,,,
Notenbanken,,,,,,
NATO-Mitglied Türkei,,,,,,
Winkl,,,,,,
Unterstützern,,,,,,
ShandongOffenbar,,,,,,
Innenhof des Elysée-Palastes,,,,,,
Milliardenbereich,,,,,,
Gaskundinnen,,,,,,
Hotelgäste,,,,,,
Bourgeoisie,,,,,,
Tempolimits,,,,,,
Wärme-Kunden,,,,,,
Quartalsergebnisse,,,,,,
Föderationsrats,,,,,,
Oblast Donezk,,,,,,
Kreminna,,,,,,
Welyka Oleksandriwa,,,,,,
Landkreis Kusel,,,,,,
imago images/Torsten Silz,,,,,,
Estlands,,,,,,
Region Kiew,,,,,,
Tarifgespräche,,,,,,
Cosco-Deal,,,,,,
Cannabis-Freigabe,,,,,,
Post-Chaos,,,,,,
Datenhunger,,,,,,
Gigabit-Tarifen,,,,,,
Anschlüssen,,,,,,
Congstar,,,,,,
deutsch-französische Forschungszentrum,,,,,,
Westdeutschland,,,,,,
CMB,,,,,,
Arzneien,,,,,,
OP-Utensilien,,,,,,
Autoindustrie,,,,,,
Job-Protokoll,,,,,,
Nudelwasser,,,,,,
Sunak,,,,,,
Kehrtwende,,,,,,
RTL,,,,,,
Karlsfeld,,,,,,
Verbot,,,,,,
Bundesnetzagentur-Chef,,,,,,
Englands,,,,,,
Bibliothek von Oldham,,,,,,
israelische Regierung,,,,,,
Ausstand,,,,,,
Frankr…,,,,,,
Mittelsachsen,,,,,,
Kita,,,,,,
Anklagebank,,,,,,
Mittelständlern,,,,,,
Amtsgericht Dachau,,,,,,
Ampel-Pläne,,,,,,
NINGDE,,,,,,
Kieler Land…,,,,,,
Berlin/Madrid,,,,,,
Baumaschinen-Branche,,,,,,
Beirut,,,,,,
Ampel-Zoff,,,,,,
Ampelpartner,,,,,,
Solarwatt,,,,,,
Notfallpläne,,,,,,
Abos,,,,,,
Sachen AKWs,,,,,,
Schytomyr,,,,,,
Bildungsstudie,,,,,,
Grundschul-Ländervergleich,,,,,,
Waffen-Geklirre,,,,,,
Energieembargo-Getöse,,,,,,
AKW-Ära,,,,,,
Schiffsstau,,,,,,
Söder,,,,,,
Energie-Protest,,,,,,
Sattes Lohnplus,,,,,,
Deckelchen,,,,,,
Geldsegen,,,,,,
Pa…,,,,,,
Straßburg,,,,,,
Strombedarf,,,,,,
Russland-Unterstützern,,,,,,
Frankfurter Innenstadt,,,,,,
Tanker-Stau,,,,,,
Kohle-Zeitalter,,,,,,
Expressen,,,,,,
Heizungskeller,,,,,,
Schneider,,,,,,
Ostseepipeline,,,,,,
Gespäche,,,,,,
Online-Hetze,,,,,,
Deckel,,,,,,
Nicht-Gaskunden,,,,,,
Stralsund,,,,,,
Solln,,,,,,
Energieversorge…,,,,,,
Anschlägen,,,,,,
Scholz-Machtwort,,,,,,
Rücktritte,,,,,,
DIHK-Chef,,,,,,
Chaos,,,,,,
Energieforscher,,,,,,
Finanzminister bei Maischberger,,,,,,
Staatshilfen,,,,,,
Unterengadin,,,,,,
Arktis,,,,,,
vers…,,,,,,
F.A.Z.-Newsletter,,,,,,
Kinder-Interview,,,,,,
s…,,,,,,
Bundeskanzlerin,,,,,,
Immobilienmarkt,,,,,,
Deponie,,,,,,
Wiesbadener Deponie,,,,,,
Edeka,,,,,,
du ausgekochte Stadt,,,,,,
Bundesrepublik g,,,,,,
griechische Regierung,,,,,,
Chalkida,,,,,,
August-Niveau,,,,,,
KURZMELDUNGEN,,,,,,
Krebsleiden,,,,,,
Che…,,,,,,
Vorbereitungskursen,,,,,,
Katastrophen,,,,,,
skandinavische Land,,,,,,
Steuergeld,,,,,,
Wertbon-System,,,,,,
Inflationsdruck,,,,,,
Veröffentlichung,,,,,,
Britz,,,,,,
Oldham,,,,,,
Lichtenstein,,,,,,
Kraftwerk Emsland,,,,,,
Trab,,,,,,
Neckwarwestheim,,,,,,
Kanzler,,,,,,
Atomkraftwerk Neckarwestheim 2,,,,,,
Römer,,,,,,
geradebügeln,,,,,,
Nordstream-Pipeline,,,,,,
Deutschen Krankenhausinstituts,,,,,,
Podien,,,,,,
Swiss-Life-Arena,,,,,,
Dienstag,,,,,,
Kanzlers2,,,,,,
Absage,,,,,,
Rekord-Hitzewelle,,,,,,
Corona-Regeln,,,,,,
"Library of Congress/gemeinfrei
",,,,,,
Wählern,,,,,,
Hauptbahnhof,,,,,,
Mensche,,,,,,
Arbeitgeberv…,,,,,,
Kreis Celle,,,,,,
Regierungs- und Finanzchaos,,,,,,
Truss,,,,,,
demütigender,,,,,,
Seekabels,,,,,,
Bitkom-Umfrage,,,,,,
Exits,,,,,,
ecoligo,,,,,,
Grandperspective,,,,,,
Climatiq,,,,,,
NodeVenture,,,,,,
Straffr,,,,,,
Finanzbranche,,,,,,
Bel Blhlelul,,,,,,
Znhteelvetteu eptenelu teppeu,,,,,,
velt lkl Blupele tel,,,,,,
N…,,,,,,
Truppenübungsplatz Bergen,,,,,,
Rumms,,,,,,
Pressekonferenzen,,,,,,
Komfort,,,,,,
Kamikaze-Drohnen,,,,,,
Pipeline wir…,,,,,,
Kopfschmerzen,,,,,,
Streiks,,,,,,
Koordinierungsstelle,,,,,,
Gewerkschaften,,,,,,
Ostsee-Gaspipeline Nord,,,,,,
Sergej Surowikin,,,,,,
Russische Föderation,,,,,,
Satelliten-Internets,,,,,,
Caritas-Präsidentin,,,,,,
Tarifrunde,,,,,,
Digitalfunks,,,,,,
Unterwasservideo,,,,,,
Rechnungshof,,,,,,
Adenauer,,,,,,
Entgelterhöhungen,,,,,,
Discounter“-AKWs,,,,,,
tt-Interview,,,,,,
Koalitionsehe,,,,,,
Liz,,,,,,
Amt  ,,,,,,
LÃ¼tzeraths,,,,,,
Jahressteuergesetz,,,,,,
Heizölpreise,,,,,,
Bautzen,,,,,,
Brennholz-Falle,,,,,,
Brennstäben,,,,,,
Kanzlers am Montagabend,,,,,,
Linux-Magazin,,,,,,
Laterne,,,,,,
Social-Media-Kommentare,,,,,,
Rekorden,,,,,,
Tiefschlägen,,,,,,
Bitcoin-Kurs,,,,,,
hohen Coronainzidenzen,,,,,,
Deutschen-Krankenhaus-Instituts,,,,,,
Flüssiggas-Tanker,,,,,,
Saline-Sauna,,,,,,
d… Stau,,,,,,
wettbewerbsloser,,,,,,
Klimaforschern,,,,,,
Ukraine Terror,,,,,,
BalkanBaerbock,,,,,,
Staudamm-Sprengung,,,,,,
Müggelheim,,,,,,
Grünau,,,,,,
Bohnsdorf,,,,,,
Schmöckwitz,,,,,,
Wiesn w…,,,,,,
Corona-Welle w…,,,,,,
Berufsmarkt,,,,,,
Neue Hilfen für Ukraine,,,,,,
Spricht Scholz,,,,,,
Kriegsfront,,,,,,
Stickstoffproblem,,,,,,
Nationalpark Hainich,,,,,,
Bestandsgebäuden,,,,,,
Horn von Afrika,,,,,,
Wochenvorschau,,,,,,
Termine,,,,,,
Faeser,,,,,,
Wochenende,,,,,,
Gaspreis…,,,,,,
Alleingängen,,,,,,
Görlitz,,,,,,
Germany,,,,,,
Pipeline Midcat,,,,,,
Werbespots,,,,,,
Stadtbergen,,,,,,
Minimalkonsens,,,,,,
Treffens,,,,,,
Bund am Freitag,,,,,,
Holzresten,,,,,,
Geheim-Mission,,,,,,
Brandenburger Tor,,,,,,
EVO,,,,,,
Laden,,,,,,
Rückhalt für da…,,,,,,
Winters,,,,,,
Handwerkern,,,,,,
Altmark,,,,,,
Schwaben,,,,,,
China-Beteiligung,,,,,,
Energieinsel,,,,,,
Flugzeugen,,,,,,
Thüringer Schwimmbäder,,,,,,
velpeu vutte,,,,,,
Eisbergsalat,,,,,,
Ärmelkanal,,,,,,
Brandenburg i…,,,,,,
"NDR.de
",,,,,,
Stiko,,,,,,
Nachbesserungsbedarf,,,,,,
Meloni,,,,,,
Gästebeschwerden,,,,,,
Energiekrieg,,,,,,
Archivare,,,,,,
Korea,,,,,,
Merkel-Politik,,,,,,
Notlagen,,,,,,
Öl-Heizkessel,,,,,,
Lingen Foto,,,,,,
Landesverband des Bundes für Umw…,,,,,,
Giorgia Meloni,,,,,,
Ble Pnupeplealelnua,,,,,,
Obertoggenburg,,,,,,
Speer,,,,,,
Mattstock,,,,,,
Wasserkraftwerks Kachowka,,,,,,
Sanktionsmöglichkeiten,,,,,,
Ländertreffen,,,,,,
Eigenheimbesitzer,,,,,,
Wasserstoff-Zeitalter,,,,,,
Ölstaaten am Golf,,,,,,
Wasserstoff-Zeitalters,,,,,,
Vereinigten Arabischen …,,,,,,
Saudiarabien,,,,,,
Wüstenstaaten,,,,,,
Fracking-Frage,,,,,,
Midcat,,,,,,
Barmar,,,,,,
Mittelmeer Barcelona,,,,,,
Moment ungewöhnli…,,,,,,
Zustell-Chaos,,,,,,
Toggenburger Art,,,,,,
Photo Zhou,,,,,,
Zahlen de,,,,,,
Bauteile,,,,,,
Britaly,,,,,,
Dorsten,,,,,,
Notfall-Speichern,,,,,,
Ministerium in Wien,,,,,,
Grünen-Kritik,,,,,,
Bonner Behörde,,,,,,
WM-Boykotte,,,,,,
Hallenbädern,,,,,,
Hall…,,,,,,
Kalenderwoche 42,,,,,,
Balmoral,,,,,,
Max-Planck-Institut für Quantenoptik,,,,,,
Gotthardtunnel,,,,,,
Gotthard-Tunnel,,,,,,
ö…,,,,,,
EU-Gipfeln,,,,,,
Türkische Notenbank,,,,,,
Zypern,,,,,,
Ägypt…,,,,,,
Döner,,,,,,
Pommes,,,,,,
Overbooking,,,,,,
Vetomacht Russland,,,,,,
Ariane,,,,,,
Briefkästen,,,,,,
Energie-Studie,,,,,,
Öffnungszeiten,,,,,,
Energ,,,,,,
Land rü… kepeu,,,,,,
b Zlttlelpeu Bnlu epaepekllepeu,,,,,,
G20,,,,,,
Lauwarmer Herbst,,,,,,
Rezessionsgefahr,,,,,,
Bromoform-Gehalts,,,,,,
ARD-Talk,,,,,,
GroÃŸbritannien,,,,,,
unterstÃ¼tzt,,,,,,
Südeuropäer,,,,,,
Windenergie-Branche,,,,,,
Baustellen,,,,,,
Industrievertretern,,,,,,
Chefposten,,,,,,
James-Webb-Teleskop,,,,,,
Flusses Dnipro,,,,,,
US-Kollegen,,,,,,
Region Cherson,,,,,,
Verteidigungsministeriums,,,,,,
Kupjansk,,,,,,
Ukrainer Kupjansk,,,,,,
Konsens,,,,,,
Potsdamer Platz,,,,,,
Rücktritts,,,,,,
Narrativs,,,,,,
Schönredens h…,,,,,,
Serbien,,,,,,
Bosnien,,,,,,
Al…,,,,,,
Konstanz,,,,,,
Notfallbetrieb,,,,,,
Kreis Konstanz,,,,,,
Bodensee,,,,,,
Oleh Syniehubov,,,,,,
Belgiens,,,,,,
LÃ¤ndern,,,,,,
US-Justiz,,,,,,
Zerreißprobe,,,,,,
Montagsdemos,,,,,,
China-Falle,,,,,,
Flüchtlingsheim,,,,,,
Amt…,,,,,,
iberischen Halbinsel,,,,,,
Rohstoff-Abhängigkeit,,,,,,
Anfangsstadium,,,,,,
Macron-Schelte,,,,,,
Iberische Halbinsel,,,,,,
Saint-Nazaire,,,,,,
Bundeskanzler,,,,,,
Klima-Podcast Gradmesser,,,,,,
Sharm el-Sheikh,,,,,,
bel…,,,,,,
Erdgas-Lieferungen,,,,,,
Pavlo Kyrylenko,,,,,,
Flüssigerdgas-Terminals,,,,,,
